latitude,longitude
19.2204,-42.4832
-20.4661,-41.7314
-22.686,-45.48
-22.6681,-45.5031
-22.6774,-45.4732
-22.686,-45.48
-22.666,-45.4534
-19.7993,-41.7174
-20.79,-42.8882
-22.7008,-45.4964
-22.7167,-45.6001
-22.6681,-45.5031
-22.7285,-44.6358
-22.7285,-44.6358
-22.87,-46.0309
-19.2204,-42.4832
-20.6665,-42.5222
-17.5487,-40.6024
-17.5487,-40.6024
-17.5487,-40.6024
-19.7323,-41.8141
-22.633333, -38.1
-23.266701, -46.349998
-23, -46.0667
-23.186666666667, -46.88416667
-22.7299995422363, -45.59000015
-12.563099861145, -41.38999939
-22.7299995422363, -45.59000015
-22.7299995422363,- 45.59000015
-22.7299995422363, -45.59000015
-24.3239002227783, -50.61560059
-24.3239002227783, -50.61560059
-24.3239002227783, -50.61560059
-22.7299995422363, -45.59000015
-19.9356002807617, -40.60029984
-22.7299995422363, -45.59000015
-22.7299995422363, -45.59000015
-22.7299995422363, -45.59000015
-22.7299995422363, -45.59000015
-22.7299995422363, -45.59000015
-24.3239002227783,-50.61560059
-22.7299995422363, -45.59000015
-22.7299995422363, -45.59000015
-22.7299995422363, -45.59000015
-20.4333000183105, -41.86830139
-23.1800003051758, -46.88000107
-23.1800003051758, -46.88000107
-23.1800003051758, -46.88000107
-22.730556, -45.590278
-22.406586,-44.624233
-22.689444,-45.481945
-22.689444,-45.481945
-29.465906,-50.677185
-28.142239,-50.097656
-29.465906,-50.677185
-22.73724,-45.58983
-22.689444,-45.481945
-23.974018,-47.034702
-23.974018,-47.034702
-23.974018,-47.034702
-23.974018,-47.034702
-29.444382,-50.562775
-29.444382,-50.562775
-22.73724,-45.58983
-22.73724,-45.58983
-22.694319,-45.524296
-22.689444,-45.481945
-22.689444,-45.481945
-22.689444,-45.481945
-22.689444,-45.481945
-22.689444,-45.481945
-22.689444,-45.481945
-22.689444,-45.481945
-22.689444,-45.481945
-22.689444,-45.481945
-22.689444,-45.481945
-22.689444,-45.481945
-22.689444,-45.481945
-22.689444,-45.481945
-22.689444,-45.481945
-22.689444,-45.481945
-22.689444,-45.481945
-22.689444,-45.481945
-22.689444,-45.481945
-22.689444,-45.481945
-22.689444,-45.481945
-22.689444,-45.481945
-29.44292,-50.61154
-29.155666,-50.062122
-29.44292,-50.61154
-29.44292,-50.61154
-29.44292,-50.61154
-22.73724,-45.58983
-29.087921,-50.11877
-22.689444,-45.481945
-22.703138,-45.47843
-22.703138,-45.47843
-22.689444,-45.481945
-22.703138,-45.47843
-22.73724,-45.58983
-22.689444,-45.481945
-29.159657,-50.078945
-22.5,-53.516667
-24.583333,-51.333333
-22.791142,-45.496956
-22.689444,-45.481945
-22.689444,-45.481945
-22.689444,-45.481945
-22.71,-45.55
-22.689444,-45.481945
-22.689444,-45.481945
-22.73724,-45.58983
-22.69,-45.49
-22.703138,-45.47843
-22.689444,-45.481945
-22.73724,-45.58983
-22.703138,-45.47843
-22.689444,-45.481945
-22.69,-45.49
-22.73724,-45.58983
-22.689444,-45.481945
-29.443054,-50.611084
-18.811476,-40.683518
-29.385416,-50.895939
-29.315197,-50.981673
-22.758807,-45.558697
-29.449523,-50.395053
-26.553318,-52.448195
-16.394845,-40.957292
-26.603364,-52.0695
-26.446783,-52.522928
-22.602285,-45.568065
-29.270108,-50.953295
-29.458334,-50.581112
-22.691557,-45.50286
-22.73724,-45.58983
-22.807692,-45.99517
-27.732767,-50.203163
-22.866201,-46.041775
-27.952076,-49.9305
-22.715195,-45.604713
-22.689444,-45.481945
-28.057894,-49.36535
-27.95734,-49.906734
-27.739838,-51.173393
-27.395897,-50.746914
-27.978527,-49.486237
-27.487331,-50.98294
-26.27108,-51.176186
-22.689444,-45.481945
-23.14013,-44.92263
-26.91687,-50.74241
-27.978527,-49.486237
-27.49529,-50.825935
-26.037426,-52.67862
-27.487331,-50.98294
-26.037426,-52.67862
-22.69121,-45.50362
-19.41644,-42.725796
-25.099901,-48.811634
-20.685087,-43.30088
-22.693571,-45.490643
-29.158892,-50.08184
-29.458334,-50.581112
-29.178404,-50.04842
-22.691847,-45.507538
-29.14611,-50.395557
-22.689444,-45.481945
-27.952076,-49.9305
-25.216906,-48.038837
-28.001665,-49.54776
-25.963375,-51.860798
-29.458334,-50.581112
-26.462187,-52.568893
-27.951292,-49.93415
-22.699076,-45.506176
-27.967873,-49.895054
-22.73724,-45.58983
-27.951292,-49.93415
-29.458334,-50.581112
-29.36851,-50.873302
-22.689444,-45.481945
-23.14013,-44.92263
-27.739838,-51.173393
-22.691557,-45.50286
-25.10292,-48.70592
-28.314272,-50.27333
-28.001665,-49.54776
-29.442417,-50.555885
-27.385855,-50.771492
-29.431555,-50.56104
-22.689444,-45.481945
-24.339954,-50.611244
-19.38903,-42.654255
-29.159657,-50.078945
-29.458334,-50.581112
-26.462187,-52.568893
-22.691557,-45.50286
-26.037426,-52.67862
-24.586163,-52.93567
-22.868647,-46.022224
-20.688868,-43.307953
-26.462187,-52.568893
-26.462187,-52.568893
-27.739838,-51.173393
-27.395897,-50.746914
-29.313206,-50.85219
-28.987675,-50.06528
-25.339458,-49.208725
-26.14149,-51.75382
-27.978527,-49.486237
-22.876017,-46.029797
-19.41854,-42.639507
-27.395897,-50.746914
-22.73724,-45.58983
-27.023197,-51.090958
-26.037426,-52.67862
-29.159657,-50.078945
-29.480993,-50.17481
-20.685087,-43.30088
-29.458334,-50.581112
-29.425262,-50.392895
-26.324463,-53.29992
-24.956982,-48.42139
-20.685087,-43.30088
-27.56632,-51.17782
-29.458334,-50.581112
-27.502172,-50.860516
-25.084343,-48.80382
-29.458334,-50.581112
-29.159657,-50.078945
-24.956982,-48.42139
-19.412596,-42.60874
-27.951292,-49.93415
-27.951292,-49.93415
-27.951292,-49.93415
-27.9545,-49.8767
-22.716423,-45.59234
-22.705013,-45.461582
-27.978527,-49.486237
-26.462187,-52.568893
-29.355167,-50.83108
-22.691177,-45.497208
-25.339458,-49.208725
-23.162851,-44.958588
-20.685087,-43.30088
-27.148058,-51.536243
-22.689444,-45.481945
-25.22102,-48.046986
-27.540754,-50.856575
-27.490208,-50.980618
-29.158892,-50.08184
-19.412596,-42.60874
-27.116165,-52.768436
-29.159657,-50.078945
-22.261608,-44.507496
-29.458334,-50.581112
-27.978527,-49.486237
-26.037426,-52.67862
-25.339489,-49.208748
-22.698654,-45.480602
-26.487871,-51.990635
-22.689444,-45.481945
-16.854315,-41.755135
-22.709316,-45.548607
-29.15847,-50.079353
-27.967873,-49.895054
-26.462187,-52.568893
-29.158892,-50.08184
-27.424295,-50.77813
-26.037426,-52.67862
-27.951292,-49.93415
-22.689444,-45.481945
-22.689444,-45.481945
-22.720968,-45.57992
-22.727917,-45.59086
-27.565079,-53.513126
-22.689444,-45.481945
-27.669218,-49.056145
-27.952574,-49.93541
-29.450869,-50.520447
-21.600992,-44.570778
-27.669218,-49.056145
-26.462187,-52.568893
-16.463182,-41.718716
-29.427607,-50.39236
-27.9545,-49.8767
-22.691557,-45.50286
-29.450869,-50.520447
-29.458334,-50.581112
-28.039925,-49.45227
-27.951292,-49.93415
-22.73724,-45.58983
-22.876017,-46.029797
-29.158892,-50.08184
-27.951292,-49.93415
-27.952509,-49.8698
-27.739838,-51.173393
-22.739326,-45.591537
-27.44909,-50.916565
-27.978527,-49.486237
-27.951292,-49.93415
-20.685087,-43.30088
-22.807692,-45.99517
-29.158892,-50.08184
-27.952076,-49.9305
-25.016071,-47.9318
-26.948582,-49.562954
-27.497639,-50.790745
-27.978527,-49.486237
-29.176653,-49.986996
-22.73944,-45.571083
-29.289534,-50.487564
-29.437624,-50.60847
-26.037426,-52.67862
-29.458334,-50.581112
-22.866201,-46.041775
-27.980448,-49.855312
-22.73724,-45.58983
-26.40133,-52.60221
-26.037426,-52.67862
-26.462187,-52.568893
-29.450869,-50.520447
-29.450869,-50.520447
-26.037426,-52.67862
-19.150488,-40.06817
-20.685087,-43.30088
-22.690578,-45.47798
-29.425262,-50.392895
-20.685087,-43.30088
-22.88379,-46.024757
-27.395897,-50.746914
-22.687828,-45.502964
-27.110743,-52.767525
-20.685087,-43.30088
-27.951292,-49.93415
-21.450356,-44.671654
-26.22401,-52.031147
-28.229565,-49.87014
-29.458334,-50.581112
-22.807692,-45.99517
-26.037426,-52.67862
-22.731178,-45.595875
-16.463182,-41.718716
-25.099901,-48.811634
-24.856287,-48.717747
-22.73724,-45.58983
-26.070501,-51.170708
-22.727917,-45.59086
-20.685087,-43.30088
-27.951292,-49.93415
-27.951292,-49.93415
-27.952574,-49.93541
-29.423851,-50.38677
-29.158892,-50.08184
-29.425262,-50.392895
-27.951292,-49.93415
-26.487871,-51.990635
-27.944067,-49.86991
-26.41441,-52.625977
-29.458334,-50.581112
-27.980448,-49.855312
-27.43288,-48.98999
-22.691557,-45.50286
-22.731236,-45.59698
-29.427607,-50.39236
-29.458334,-50.581112
-27.9545,-49.8767
-27.571884,-51.05753
-26.037426,-52.67862
-21.988024,-43.899624
-29.425262,-50.392895
-27.395897,-50.746914
-26.007145,-50.360023
-22.703138,-45.47843
-22.693571,-45.490643
-27.967873,-49.895054
-22.689444,-45.481945
-23.33884,-45.14914
-27.733105,-50.201664
-29.458334,-50.581112
-29.352043,-50.840622
-22.73724,-45.58983
-27.951292,-49.93415
-27.978527,-49.486237
-22.697767,-45.515057
-27.502172,-50.860516
-22.689444,-45.481945
-26.462187,-52.568893
-27.951292,-49.93415
-29.427607,-50.39236
-29.458334,-50.581112
-29.158892,-50.08184
-29.442862,-50.611286
-27.8999,-49.585606
-26.037426,-52.67862
-26.144926,-51.066833
-22.70913,-45.546707
-27.978527,-49.486237
-16.463182,-41.718716
-22.689444,-45.481945
-23.162851,-44.958588
-20.685087,-43.30088
-28.081356,-49.906242
-26.462187,-52.568893
-26.180077,-51.073463
-26.006586,-51.667793
-27.978527,-49.486237
-28.081356,-49.906242
-26.1085,-51.659454
-25.963375,-51.860798
-29.353048,-50.840637
-25.016071,-47.9318
-27.395897,-50.746914
-29.458334,-50.581112
-22.697767,-45.515057
-22.691557,-45.50286
-16.463182,-41.718716
-26.462187,-52.568893
-27.571884,-51.05753
-29.425262,-50.392895
-27.980448,-49.855312
-22.717943,-45.41422
-22.691557,-45.50286
-29.458334,-50.581112
-26.589245,-50.1625
-27.978527,-49.486237
-27.967873,-49.895054
-22.689444,-45.481945
-27.967873,-49.895054
-26.462187,-52.568893
-29.458334,-50.581112
-26.037426,-52.67862
-27.422289,-50.765488
-22.703138,-45.47843
-27.502172,-50.860516
-29.408493,-50.45473
-27.48617,-50.809074
-29.442862,-50.611286
-22.691557,-45.50286
-29.458334,-50.581112
-27.023197,-51.090958
-22.691557,-45.50286
-26.037426,-52.67862
-26.069582,-51.17291
-22.261608,-44.507496
-22.691557,-45.50286
-22.693361,-45.500862
-20.685087,-43.30088
-22.261608,-44.507496
-29.425262,-50.392895
-29.442417,-50.555885
-29.458334,-50.581112
-29.458334,-50.581112
-27.978527,-49.486237
-29.480993,-50.17481
-22.691557,-45.50286
-26.462187,-52.568893
-29.458334,-50.581112
-29.423851,-50.38677
-27.951292,-49.93415
-21.66181,-43.905895
-27.490343,-50.980408
-27.967873,-49.895054
-25.339487,-49.208576
-27.013268,-51.094086
-22.73724,-45.58983
-26.037426,-52.67862
-25.782215,-52.2402
-21.987888,-43.899635
-27.952574,-49.93541
-29.423658,-50.57849
-29.427607,-50.39236
-25.888823,-50.26831
-26.037426,-52.67862
-26.070435,-51.172077
-25.099901,-48.811634
-22.689444,-45.481945
-22.691557,-45.50286
-25.6403,-51.48178
-22.7395,-45.558025
-22.691557,-45.50286
-26.577518,-52.560814
-25.016071,-47.9318
-22.691557,-45.50286
-26.462187,-52.568893
-22.693571,-45.490643
-25.339487,-49.208576
-27.395897,-50.746914
-26.324463,-53.29992
-22.689444,-45.481945
-29.480993,-50.17481
-22.689444,-45.481945
-27.023197,-51.090958
-22.689444,-45.481945
-28.057894,-49.36535
-29.458334,-50.581112
-29.15847,-50.079353
-22.691557,-45.50286
-22.740936,-45.56233
-26.652637,-49.5239
-29.451757,-50.595753
-26.591022,-49.333687
-22.693571,-45.490643
-25.099901,-48.811634
-22.739326,-45.591537
-25.128738,-48.022408
-22.710155,-45.552963
-26.462187,-52.568893
-20.692652,-43.309395
-27.951292,-49.93415
-29.32316,-50.815784
-29.461676,-50.581867
-26.462187,-52.568893
-19.407225,-42.65293
-27.95543,-49.87676
-22.807692,-45.99517
-26.006586,-51.667793
-22.860676,-46.02924
-29.458334,-50.581112
-22.691557,-45.50286
-20.685087,-43.30088
-19.150488,-40.06817
-29.378424,-50.87108
-22.707119,-45.46667
-27.739838,-51.173393
-25.216906,-48.038837
-19.776,-42.602
-22.693361,-45.500862
-27.978527,-49.486237
-22.73724,-45.58983
-29.15847,-50.079353
-27.978527,-49.486237
-29.458334,-50.581112
-22.714727,-45.55842
-29.158892,-50.08184
-27.978527,-49.486237
-26.037426,-52.67862
-29.176517,-50.436718
-27.540754,-50.856575
-25.098377,-48.808372
-26.462187,-52.568893
-27.490208,-50.980618
-22.691557,-45.50286
-29.458334,-50.581112
-22.731236,-45.59698
-27.978527,-49.486237
-27.978527,-49.486237
-22.691557,-45.50286
-29.378424,-50.87108
-27.739838,-51.173393
-26.462187,-52.568893
-26.37905,-52.120464
-22.261608,-44.507496
-22.691557,-45.50286
-29.458334,-50.581112
-26.462187,-52.568893
-22.863848,-46.038727
-22.691557,-45.50286
-22.713474,-45.601463
-29.480993,-50.17481
-27.978527,-49.486237
-22.709316,-45.548607
-25.099901,-48.811634
-18.87267,-42.887127
-20.685087,-43.30088
-21.99506,-43.90182
-22.867836,-46.037052
-26.407509,-52.62994
-22.689444,-45.481945
-22.689444,-45.481945
-27.951292,-49.93415
-27.739838,-51.173393
-27.978527,-49.486237
-26.41441,-52.625977
-26.266348,-49.517506
-26.462187,-52.568893
-22.731178,-45.595875
-22.73724,-45.58983
-25.96955,-52.662754
-29.158892,-50.08184
-24.418833,-48.572556
-26.14149,-51.75382
-19.38903,-42.654255
-27.497814,-50.875195
-26.643187,-51.49539
-27.571884,-51.05753
-26.037426,-52.67862
-28.011583,-49.832825
-29.442808,-50.580227
-22.807692,-45.99517
-22.861002,-46.03047
-27.978527,-49.486237
-26.037426,-52.67862
-26.462187,-52.568893
-26.103607,-51.87489
-28.001665,-49.54776
-27.95543,-49.87676
-27.811752,-49.28052
-22.730307,-45.55083
-26.037426,-52.67862
-22.689444,-45.481945
-27.951292,-49.93415
-20.685087,-43.30088
-27.431524,-50.772926
-27.495457,-50.873966
-26.069582,-51.17291
-26.713606,-49.67773
-27.978527,-49.486237
-27.951292,-49.93415
-28.314272,-50.27333
-27.972515,-49.875267
-26.037426,-52.67862
-29.450869,-50.520447
-31.386923,-51.127632
-29.444305,-50.529713
-25.892498,-52.90207
-24.956982,-48.42139
-27.967873,-49.895054
-26.037426,-52.67862
-18.965982,-43.254097
-26.037426,-52.67862
-26.037426,-52.67862
-20.685087,-43.30088
-27.973124,-49.874893
-27.818636,-49.27569
-27.635912,-51.020775
-27.733105,-50.201664
-28.269287,-49.964603
-20.692652,-43.309395
-29.158892,-50.08184
-27.980448,-49.855312
-22.689444,-45.481945
-27.490208,-50.980618
-20.685087,-43.30088
-25.016071,-47.9318
-22.807692,-45.99517
-26.462187,-52.568893
-27.421259,-50.733116
-22.693571,-45.490643
-26.462187,-52.568893
-28.001665,-49.54776
-27.95734,-49.906734
-20.688868,-43.307953
-22.261608,-44.507496
-26.22401,-52.031147
-26.462187,-52.568893
-29.158892,-50.08184
-26.037426,-52.67862
-22.709316,-45.548607
-20.685087,-43.30088
-27.952982,-49.87104
-26.462187,-52.568893
-27.734621,-51.168858
-20.688868,-43.307953
-26.462187,-52.568893
-22.73724,-45.58983
-27.490343,-50.980408
-26.006586,-51.667793
-29.458334,-50.581112
-22.732693,-45.57048
-29.458334,-50.581112
-29.159052,-49.98381
-22.691847,-45.507538
-26.037426,-52.67862
-29.449287,-50.612892
-27.95543,-49.87676
-25.941814,-52.17138
-22.689444,-45.481945
-27.739838,-51.173393
-20.685087,-43.30088
-26.22401,-52.031147
-29.158892,-50.08184
-29.159657,-50.078945
-27.45921,-50.79921
-22.696547,-45.48862
-22.695559,-45.514187
-22.695559,-45.514187
-27.967873,-49.895054
-22.707119,-45.46667
-27.480919,-51.08033
-27.978527,-49.486237
-26.146452,-51.067898
-29.480993,-50.17481
-26.146452,-51.067898
-29.36851,-50.873302
-20.692652,-43.309395
-20.685087,-43.30088
-19.022827,-43.26505
-27.973124,-49.874893
-22.693853,-45.518436
-27.978527,-49.486237
-28.001665,-49.54776
-29.401346,-50.64286
-27.951292,-49.93415
-18.986572,-43.21675
-26.070501,-51.170708
-27.952076,-49.9305
-26.106134,-51.629524
-28.001665,-49.54776
-22.716682,-45.56501
-27.980448,-49.855312
-27.978527,-49.486237
-22.707403,-45.55985
-26.037426,-52.67862
-26.537949,-48.979824
-29.442862,-50.611286
-26.037426,-52.67862
-27.421259,-50.733116
-26.037426,-52.67862
-26.037426,-52.67862
-26.462187,-52.568893
-20.685087,-43.30088
-27.107958,-50.12759
-27.967873,-49.895054
-27.376642,-50.753834
-25.91816,-51.597378
-26.462187,-52.568893
-22.69042,-45.480335
-29.158892,-50.08184
-29.158892,-50.08184
-20.685087,-43.30088
-27.778471,-48.526848
-22.694677,-45.50361
-22.689444,-45.481945
-20.685087,-43.30088
-20.685087,-43.30088
-26.14149,-51.75382
-27.978527,-49.486237
-26.266348,-49.517506
-27.978527,-49.486237
-22.73724,-45.58983
-29.442417,-50.555885
-29.158892,-50.08184
-29.155,-50.06074
-27.421259,-50.733116
-19.150488,-40.06817
-25.02468,-48.61931
-20.688868,-43.307953
-22.693571,-45.490643
-27.956425,-49.915222
-27.956425,-49.915222
-22.717943,-45.41422
-26.14149,-51.75382
-27.739838,-51.173393
-29.425262,-50.392895
-27.421259,-50.733116
-28.001665,-49.54776
-27.951292,-49.93415
-27.951292,-49.93415
-27.395897,-50.746914
-27.567038,-51.057564
-27.424166,-50.767883
-22.61571,-45.357586
-29.423851,-50.38677
-16.463182,-41.718716
-29.450869,-50.520447
-23.162851,-44.958588
-27.112858,-52.76736
-29.20833,-50.004585
-27.962845,-49.891575
-22.73724,-45.58983
-22.876017,-46.029797
-27.978527,-49.486237
-29.159657,-50.078945
-26.037426,-52.67862
-26.150242,-51.51786
-26.037426,-52.67862
-22.703138,-45.47843
-27.395897,-50.746914
-27.395897,-50.746914
-27.978527,-49.486237
-22.703138,-45.47843
-22.807692,-45.99517
-26.462187,-52.568893
-27.951292,-49.93415
-29.458334,-50.581112
-26.037426,-52.67862
-29.480993,-50.17481
-22.74054,-45.56913
-22.72166,-45.60115
-29.444305,-50.529713
-27.978527,-49.486237
-29.442862,-50.611286
-25.02468,-48.61931
-20.688868,-43.307953
-29.458334,-50.581112
-29.159657,-50.078945
-29.39474,-50.87588
-27.951292,-49.93415
-29.30918,-50.91217
-22.876017,-46.029797
-27.480919,-51.08033
-27.421259,-50.733116
-22.73724,-45.58983
-27.093496,-52.78397
-22.807692,-45.99517
-21.446468,-44.675533
-27.951292,-49.93415
-19.022827,-43.26505
-22.86209,-46.043274
-26.037426,-52.67862
-27.734621,-51.168858
-28.081356,-49.906242
-27.945465,-49.867207
-27.951292,-49.93415
-25.016071,-47.9318
-27.962845,-49.891575
-20.688868,-43.307953
-25.339487,-49.208576
-27.978527,-49.486237
-24.991808,-48.813354
-18.976793,-43.17404
-27.759804,-50.026146
-27.4184,-50.97444
-27.967873,-49.895054
-22.693571,-45.490643
-27.497814,-50.875195
-27.978527,-49.486237
-27.978527,-49.486237
-22.691557,-45.50286
-29.458334,-50.581112
-19.150488,-40.06817
-26.266348,-49.517506
-22.693571,-45.490643
-26.266348,-49.517506
-22.715462,-45.592014
-27.951292,-49.93415
-22.693571,-45.490643
-24.286337,-50.589333
-29.458334,-50.581112
-29.480993,-50.17481
-29.446772,-50.61036
-20.249292,-46.36635
-29.450869,-50.520447
-27.734621,-51.168858
-22.691044,-45.503933
-22.73724,-45.58983
-29.458334,-50.581112
-26.037426,-52.67862
-22.714727,-45.55842
-27.978527,-49.486237
-27.967873,-49.895054
-29.3914,-50.405354
-24.739733,-47.536278
-24.856617,-48.712685
-22.749758,-45.58096
-22.695183,-45.504257
-26.266348,-49.517506
-22.860676,-46.02924
-27.96443,-49.88405
-24.286337,-50.589333
-29.458334,-50.581112
-25.613165,-51.461494
-29.159657,-50.078945
-23.195251,-44.986286
-27.782248,-48.53166
-22.703138,-45.47843
-22.691044,-45.503933
-29.427607,-50.39236
-26.462187,-52.568893
-20.692652,-43.309395
-26.144926,-51.066833
-26.037426,-52.67862
-25.426273,-49.308002
-22.69597,-45.523514
-27.535162,-50.95153
-16.463182,-41.718716
-27.978527,-49.486237
-16.463182,-41.718716
-20.685087,-43.30088
-21.446468,-44.675533
-27.497814,-50.875195
-24.339954,-50.611244
-29.343876,-50.865788
-22.689444,-45.481945
-26.037426,-52.67862
-29.427607,-50.39236
-26.462187,-52.568893
-27.978527,-49.486237
-25.963375,-51.860798
-22.693571,-45.490643
-26.462187,-52.568893
-22.689444,-45.481945
-29.363897,-50.812305
-26.462187,-52.568893
-22.691557,-45.50286
-26.462187,-52.568893
-27.429865,-50.77417
-27.739838,-51.173393
-27.978527,-49.486237
-22.88379,-46.024757
-27.978527,-49.486237
-29.458334,-50.581112
-22.261608,-44.507496
-22.693571,-45.490643
-29.458334,-50.581112
-26.037426,-52.67862
-25.6403,-51.48178
-29.343876,-50.865788
-29.427607,-50.39236
-25.07643,-48.80165
-27.421259,-50.733116
-26.037426,-52.67862
-26.037426,-52.67862
-22.691044,-45.503933
-29.090788,-50.364475
-25.07511,-48.801945
-21.66514,-43.907127
-29.458334,-50.581112
-27.95734,-49.906734
-27.978527,-49.486237
-26.037426,-52.67862
-29.480993,-50.17481
-27.421259,-50.733116
-29.458334,-50.581112
-22.693571,-45.490643
-28.001665,-49.54776
-25.96955,-52.662754
-29.458334,-50.581112
-27.997944,-49.585773
-22.876017,-46.029797
-20.688868,-43.307953
-27.978527,-49.486237
-19.588354,-43.433296
-26.037426,-52.67862
-29.442417,-50.555885
-26.037426,-52.67862
-29.458334,-50.581112
-27.978527,-49.486237
-27.978527,-49.486237
-20.09419,-43.399933
-26.749699,-49.533905
-27.951292,-49.93415
-27.951292,-49.93415
-27.952982,-49.87104
-22.724419,-45.54304
-22.73724,-45.58983
-24.156536,-50.5138
-16.463182,-41.718716
-26.721998,-49.420986
-25.099901,-48.811634
-22.807692,-45.99517
-27.978527,-49.486237
-22.88379,-46.024757
-27.540754,-50.856575
-22.693571,-45.490643
-20.685087,-43.30088
-26.037426,-52.67862
-22.693571,-45.490643
-22.715858,-45.591393
-29.458334,-50.581112
-20.685087,-43.30088
-29.14611,-50.395557
-27.980448,-49.855312
-22.691557,-45.50286
-25.016071,-47.9318
-29.158892,-50.08184
-27.978527,-49.486237
-20.061583,-43.26639
-23.243421,-49.682823
-26.229774,-49.852981
-25.800289,-52.197394
-22.841213,-46.198876
-26.708605,-50.845313
-27.970458,-49.808278
-27.856009,-49.989207
-24.26353,-50.745089
-27.879776,-49.886291
-22.688826,-45.503304
-22.69416,-45.50568
-22.692886,-45.499416
-22.688189,-45.502949
-22.687435,-45.502346
-22.692886,-45.499416
-22.687435,-45.502346
-22.688826,-45.503304
-22.688189,-45.502949
-22.69416,-45.50568
-22.876328,-46.034279
-25.310317,-49.04119
-25.27172,-49.045028
-27.812517,-49.907042
-22.731727,-45.524104
-20.613275,-43.235652
-22.69416,-45.50568
-22.688826,-45.503304
-22.707014,-45.546043
-22.719713,-45.598965
-22.689359,-45.503368
-27.950385,-49.933154
-22.876167,-46.03455
-22.691178,-45.497208
-22.692886,-45.499416
-22.687435,-45.502346
-22.688189,-45.502949
-26.706086,-50.91012
-22.744853,-45.461907
-23.0004777,-46.0670936
-20.083608,-41.086253
-22.642795,-46.131257
-27.919618,-49.949813
-16.744142,-41.789419
-22.038462,-44.787377
-26.65527,-51.223369
-27.999352,-49.895443
-27.830673,-49.833379
-27.941442,-49.834903
-18.992129,-43.354245
-18.892639,-43.21514
-22.601868,-45.472991
-16.565886,-41.075953
-26.085632,-51.602108
-19.597231,-41.113181
-19.44405,-41.106509
-23.186667,-46.884167
-22.716124,-45.592371
-22.716105,-45.592396
-22.716105,-45.592396
-22.716198,-45.592342
-22.73724,-45.589828
-22.73724,-45.589828
-22.6945,-45.5074
-28.087328,-49.434766
-22.820442,-46.013195
-22.689444,-45.481945
-22.691557,-45.50286
-20.80127,-42.864273
-28.044815,-49.43527
-22.695183,-45.504257
-22.699076,-45.506176
-27.978527,-49.486237
-25.016071,-47.9318
-27.395897,-50.746914
-26.077461,-52.1963
-26.598925,-49.639133
-19.667635,-42.549423
-26.070435,-51.172077
-26.46707,-49.586205
-22.73724,-45.58983
-28.065458,-49.544434
-26.051758,-51.70606
-22.703138,-45.47843
-21.923529,-43.78961
-22.689444,-45.481945
-22.691557,-45.50286
-26.534756,-49.579803
-29.480993,-50.17481
-27.102615,-50.12138
-29.458334,-50.581112
-26.153835,-51.074974
-26.876652,-49.437187
-22.703138,-45.47843
-27.951292,-49.93415
-26.57633,-49.669003
-26.617437,-49.64187
-28.042112,-49.450367
-28.001665,-49.54776
-27.978527,-49.486237
-27.978527,-49.486237
-20.685087,-43.30088
-27.524132,-49.61626
-22.671942,-45.4622
-20.685087,-43.30088
-26.070435,-51.172077
-26.987349,-51.448997
-22.683586,-45.479195
-27.665611,-49.132946
-29.480993,-50.17481
-27.524132,-49.61626
-16.635721,-41.362026
-27.951292,-49.93415
-22.689444,-45.481945
-27.951292,-49.93415
-22.696316,-45.48802
-20.505144,-41.80629
-20.685087,-43.30088
-22.696316,-45.48802
-28.267675,-50.197514
-22.876017,-46.029797
-27.951292,-49.93415
-22.73724,-45.58983
-22.693571,-45.490643
-27.951292,-49.93415
-26.07017,-51.17026
-22.703138,-45.47843
-22.700874,-45.587753
-27.967873,-49.895054
-22.33,-44.73
-26.22401,-52.031147
-26.22401,-52.031147
-26.051758,-51.70606
-29.458334,-50.581112
-22.73724,-45.58983
-27.95851,-49.90066
-22.703138,-45.47843
-22.693571,-45.490643
-27.215921,-49.66236
-29.458334,-50.581112
-25.904398,-51.598354
-22.73724,-45.58983
-27.956463,-49.91003
-29.3522,-50.815193
-27.951292,-49.93415
-26.390871,-52.406116
-27.811752,-49.28052
-26.22401,-52.031147
-27.497814,-50.875195
-25.099901,-48.811634
-29.31951,-50.8152
-22.73724,-45.58983
-29.313206,-50.85219
-27.026136,-51.54262
-22.73724,-45.58983
-26.077461,-52.1963
-28.039925,-49.45227
-27.978527,-49.486237
-19.667635,-42.549423
-25.051165,-48.606834
-22.755672,-45.218674
-22.689444,-45.481945
-29.35365,-50.82288
-22.720968,-45.57992
-25.201033,-48.049774
-28.26998,-50.016464
-29.365347,-50.866467
-29.458334,-50.581112
-26.134731,-52.38738
-26.103607,-51.87489
-20.518293,-41.89978
-27.978527,-49.486237
-25.099901,-48.811634
-22.689444,-45.481945
-27.978527,-49.486237
-22.73724,-45.58983
-22.808262,-45.99569
-27.790737,-50.346844
-27.978527,-49.486237
-26.153671,-51.06144
-25.10292,-48.70592
-27.490208,-50.980618
-26.560665,-49.378357
-22.689444,-45.481945
-20.685087,-43.30088
-28.134312,-49.47564
-28.039925,-49.45227
-26.553736,-51.99683
-27.490208,-50.980618
-27.953466,-49.895367
-26.051758,-51.70606
-29.458334,-50.581112
-29.458334,-50.581112
-27.978527,-49.486237
-22.693571,-45.490643
-22.731205,-45.5957
-20.685087,-43.30088
-22.689444,-45.481945
-28.067429,-49.374706
-28.061653,-49.56459
-22.73724,-45.58983
-27.978527,-49.486237
-25.969955,-52.144775
-27.951292,-49.93415
-29.480993,-50.17481
-19.370085,-42.413414
-22.73724,-45.58983
-26.560665,-49.378357
-27.004435,-51.400833
-26.22401,-52.031147
-26.591022,-49.333687
-20.685087,-43.30088
-20.685087,-43.30088
-26.22662,-51.0891
-26.773088,-51.00127
-27.978527,-49.486237
-27.490208,-50.980618
-26.553736,-51.99683
-26.645142,-49.356976
-19.667635,-42.549423
-19.604359,-41.628807
-28.001665,-49.54776
-25.016071,-47.9318
-26.22401,-52.031147
-28.011583,-49.832825
-28.042112,-49.450367
-27.967873,-49.895054
-22.689444,-45.481945
-27.524132,-49.61626
-26.571562,-49.36318
-27.978527,-49.486237
-28.039925,-49.45227
-20.224337,-42.322777
-22.703138,-45.47843
-22.694157,-45.505657
-22.665842,-44.59375
-22.689444,-45.481945
-27.035467,-50.346016
-27.951292,-49.93415
-29.458334,-50.581112
-26.713606,-49.67773
-22.688992,-45.541553
-26.1535,-51.743744
-22.73724,-45.58983
-22.709316,-45.548607
-27.524132,-49.61626
-27.524132,-49.61626
-22.689444,-45.481945
-26.571562,-49.36318
-27.95543,-49.87676
-27.978527,-49.486237
-22.731236,-45.59698
-26.593454,-52.540794
-20.685087,-43.30088
-20.685087,-43.30088
-22.689444,-45.481945
-29.458334,-50.581112
-27.068754,-48.6273
-26.14149,-51.75382
-20.505144,-41.80629
-27.978527,-49.486237
-22.75075,-45.566086
-28.039925,-49.45227
-22.703138,-45.47843
-26.112373,-51.24074
-29.35365,-50.82288
-27.951292,-49.93415
-22.723347,-45.575054
-27.790737,-50.346844
-22.703138,-45.47843
-20.685087,-43.30088
-27.951292,-49.93415
-21.604555,-44.576477
-28.001665,-49.54776
-29.452734,-50.597176
-24.996298,-48.10861
-22.808126,-45.99566
-22.703138,-45.47843
-26.051758,-51.70606
-22.689444,-45.481945
-25.43552,-51.432064
-29.353014,-50.61302
-27.95543,-49.87676
-22.707119,-45.46667
-22.693571,-45.490643
-22.723186,-45.630516
-28.065458,-49.544434
-27.524132,-49.61626
-19.465729,-42.558537
-22.703138,-45.47843
-22.689444,-45.481945
-29.3522,-50.815193
-22.689444,-45.481945
-25.439152,-51.44426
-26.591022,-49.333687
-21.997845,-43.831566
-26.056559,-52.149174
-25.904398,-51.598354
-28.042112,-49.450367
-22.693571,-45.490643
-27.95543,-49.87676
-22.717638,-45.59096
-22.261608,-44.507496
-20.505144,-41.80629
-27.95543,-49.87676
-27.951292,-49.93415
-20.685087,-43.30088
-27.553482,-50.217205
-27.791883,-49.950207
-28.042112,-49.450367
-25.051165,-48.606834
-28.039925,-49.45227
-22.689444,-45.481945
-24.544506,-48.69037
-22.691557,-45.50286
-25.89384,-51.583385
-29.458334,-50.581112
-29.480993,-50.17481
-26.153835,-51.074974
-29.207754,-50.868896
-26.112373,-51.24074
-22.699076,-45.506176
-22.383804,-44.668537
-22.73724,-45.58983
-29.480993,-50.17481
-27.497814,-50.875195
-22.691557,-45.50286
-19.667635,-42.549423
-29.480993,-50.17481
-19.667635,-42.549423
-27.421259,-50.733116
-27.511967,-50.791573
-24.135689,-46.916744
-29.480993,-50.17481
-22.689444,-45.481945
-26.146452,-51.067898
-22.689444,-45.481945
-29.361233,-50.818962
-22.689444,-45.481945
-22.73724,-45.58983
-26.532488,-49.59634
-22.878313,-46.034103
-26.591022,-49.333687
-28.001665,-49.54776
-12.562269,-41.383358
-26.782099,-49.398426
-22.693571,-45.490643
-19.667635,-42.549423
-26.14149,-51.75382
-26.051758,-51.70606
-29.454657,-50.569386
-29.312376,-50.809113
-29.453938,-50.520046
-29.453938,-50.520046
-22.691557,-45.50286
-22.70913,-45.546707
-29.359123,-50.80653
-22.699076,-45.506176
-20.685087,-43.30088
-27.978527,-49.486237
-20.467573,-41.730247
-27.951292,-49.93415
-27.398085,-50.735382
-27.978527,-49.486237
-26.22401,-52.031147
-20.685087,-43.30088
-22.672646,-45.46646
-25.016071,-47.9318
-26.152147,-51.71375
-28.065458,-49.544434
-21.946955,-43.892292
-29.453938,-50.520046
-27.67118,-49.0947
-27.951292,-49.93415
-22.689444,-45.481945
-22.73724,-45.58983
-22.703138,-45.47843
-26.051758,-51.70606
-22.689444,-45.481945
-28.001665,-49.54776
-26.571562,-49.36318
-26.1535,-51.743744
-22.739326,-45.591537
-20.685087,-43.30088
-28.011583,-49.832825
-22.73724,-45.58983
-26.112373,-51.24074
-27.978527,-49.486237
-22.716621,-45.59161
-27.011484,-51.563705
-26.477318,-49.587757
-21.923529,-43.78961
-29.480993,-50.17481
-28.039925,-49.45227
-22.73724,-45.58983
-26.22401,-52.031147
-20.467573,-41.730247
-28.001665,-49.54776
-26.112373,-51.24074
-20.685087,-43.30088
-27.421259,-50.733116
-29.3522,-50.815193
-29.453938,-50.520046
-20.685087,-43.30088
-25.099901,-48.811634
-22.689444,-45.481945
-26.22662,-51.0891
-27.978527,-49.486237
-26.051758,-51.70606
-29.3522,-50.815193
-28.042112,-49.450367
-28.039925,-49.45227
-26.566065,-49.66119
-29.453938,-50.520046
-22.703138,-45.47843
-26.645142,-49.356976
-29.480993,-50.17481
-22.73724,-45.58983
-22.689444,-45.481945
-22.70913,-45.546707
-26.153671,-51.06144
-22.690584,-45.494766
-29.207754,-50.868896
-27.997944,-49.585773
-20.685087,-43.30088
-27.67072,-49.094734
-26.051758,-51.70606
-20.414827,-41.848576
-25.016071,-47.9318
-26.146452,-51.067898
-26.22401,-52.031147
-27.978527,-49.486237
-29.480993,-50.17481
-22.689444,-45.481945
-28.001665,-49.54776
-26.637802,-51.49459
-28.042112,-49.450367
-19.667635,-42.549423
-26.645142,-49.356976
-26.462187,-52.568893
-27.951292,-49.93415
-26.58349,-49.63447
-26.714731,-49.49466
-22.005514,-43.87984
-27.951292,-49.93415
-28.039925,-49.45227
-26.22401,-52.031147
-27.524132,-49.61626
-22.751324,-45.512768
-28.044815,-49.43527
-25.066154,-48.10087
-28.061653,-49.56459
-26.598925,-49.639133
-28.061653,-49.56459
-27.112291,-52.767628
-29.363897,-50.812305
-22.689444,-45.481945
-22.707119,-45.46667
-22.67233,-45.466156
-25.016071,-47.9318
-26.462187,-52.568893
-21.9952,-43.866974
-12.562269,-41.383358
-25.099901,-48.811634
-20.685087,-43.30088
-22.689444,-45.481945
-27.95543,-49.87676
-22.73724,-45.58983
-27.978527,-49.486237
-26.637802,-51.49459
-20.685087,-43.30088
-27.951292,-49.93415
-22.689444,-45.481945
-27.951292,-49.93415
-20.685087,-43.30088
-22.723215,-45.630505
-29.458334,-50.581112
-27.95543,-49.87676
-22.690584,-45.494766
-27.967873,-49.895054
-25.89384,-51.583385
-27.971739,-49.892693
-26.593454,-52.540794
-27.116165,-52.768436
-22.703138,-45.47843
-27.95543,-49.87676
-22.703138,-45.47843
-22.703138,-45.47843
-27.924501,-49.8566
-27.951292,-49.93415
-26.077461,-52.1963
-27.951292,-49.93415
-22.73724,-45.58983
-27.967873,-49.895054
-22.731205,-45.5957
-22.703138,-45.47843
-28.81961,-51.13441
-27.951292,-49.93415
-22.731205,-45.5957
-22.73724,-45.58983
-22.703138,-45.47843
-22.703138,-45.47843
-27.215921,-49.66236
-22.703138,-45.47843
-20.685087,-43.30088
-20.685087,-43.30088
-22.703138,-45.47843
-22.693571,-45.490643
-27.579836,-50.15985
-28.816475,-51.137276
-28.042112,-49.450367
-22.73724,-45.58983
-22.73724,-45.58983
-25.099901,-48.811634
-26.396843,-51.899315
-22.691557,-45.50286
-25.91816,-51.597378
-19.731653,-41.867516
-16.331688,-40.933331
-22.797487,-45.522008
-26.478705,-52.450183
-22.650467,-45.536319
-27.877003,-51.226237
-29.394203,-50.878426
-22.703138,-45.47843
-22.703138,-45.47843
-25.45377,-49.256413
-20.199486,-42.198994
-22.69563,-45.52121
-25.904398,-51.598354
-22.731739,-45.617466
-29.365347,-50.866467
-22.73724,-45.58983
-27.969482,-49.87165
-26.170952,-51.07107
-20.201193,-42.199215
-22.689444,-45.481945
-22.703138,-45.47843
-22.690464,-45.478832
-22.723347,-45.575054
-22.859337,-46.031902
-22.73724,-45.58983
-22.739326,-45.591537
-22.739326,-45.591537
-20.685087,-43.30088
-22.721725,-45.62718
-22.716358,-45.59326
-22.716682,-45.56501
-25.904398,-51.598354
-22.689444,-45.481945
-22.69563,-45.52121
-22.689444,-45.481945
-22.689444,-45.481945
-22.731205,-45.5957
-22.723818,-45.57771
-22.726137,-45.570175
-29.458334,-50.581112
-22.73724,-45.58983
-25.91816,-51.597378
-22.689444,-45.481945
-26.390871,-52.406116
-27.969482,-49.87165
-29.159657,-50.078945
-20.173044,-42.272785
-22.716372,-45.593178
-22.689444,-45.481945
-20.21549,-42.220802
-29.3522,-50.815193
-25.904398,-51.598354
-22.715195,-45.604713
-18.424042,-48.164062
-28.011583,-49.832825
-22.73724,-45.58983
-25.099901,-48.811634
-25.904398,-51.598354
-22.69563,-45.52121
-22.703138,-45.47843
-22.73724,-45.58983
-22.689444,-45.481945
-20.685087,-43.30088
-25.904398,-51.598354
-22.86138,-46.035946
-21.464878,-44.645363
-28.884787,-50.816666
-27.822397,-50.485363
-22.8519,-46.030685
-22.707119,-45.46667
-22.703138,-45.47843
-22.703138,-45.47843
-22.715195,-45.604713
-20.685087,-43.30088
-25.904398,-51.598354
-29.087921,-50.11877
-20.224337,-42.322777
-24.453846,-48.8809
-29.499,-50.325
-29.461458,-50.5732
-20.21549,-42.220802
-22.732693,-45.57048
-27.535501,-51.02145
-29.423851,-50.38677
-29.365347,-50.866467
-24.653044,-49.633396
-24.291033,-50.59783
-26.780613,-51.013065
-22.703138,-45.47843
-29.3522,-50.815193
-29.105972,-51.08617
-22.700865,-45.585583
-29.3522,-50.815193
-25.91816,-51.597378
-22.617435,-45.39259
-22.711205,-45.535927
-26.22401,-52.031147
-22.617435,-45.39259
-22.73724,-45.58983
-22.617435,-45.39259
-22.703138,-45.47843
-25.45377,-49.256413
-29.3522,-50.815193
-20.156586,-42.27987
-20.685087,-43.30088
-20.685087,-43.30088
-29.442862,-50.611286
-22.703138,-45.47843
-27.95806,-49.88098
-25.435299,-49.26652
-22.689444,-45.481945
-22.444906,-44.61104
-19.776823,-42.602375
-29.442862,-50.611286
-20.156366,-42.279747
-29.451826,-50.61201
-29.458334,-50.581112
-22.711205,-45.535927
-28.163542,-52.765003
-29.389723,-50.39389
-26.103607,-51.87489
-22.664314,-44.592968
-22.716179,-45.59319
-29.3522,-50.815193
-27.968906,-49.870525
-20.199486,-42.198994
-20.685087,-43.30088
-28.163542,-52.765003
-29.3522,-50.815193
-20.685087,-43.30088
-29.442862,-50.611286
-26.536896,-51.606956
-28.819843,-51.134586
-24.400333,-48.644558
-22.689444,-45.481945
-29.442724,-50.611347
-20.157146,-42.281433
-22.689444,-45.481945
-22.745947,-45.811005
-20.685087,-43.30088
-23.769875,-45.72361
-22.690828,-45.487366
-29.458334,-50.581112
-22.691076,-45.491364
-28.163542,-52.765003
-29.442808,-50.580227
-20.685087,-43.30088
-22.731205,-45.5957
-22.7359,-45.59893
-27.877748,-49.442326
-22.631704,-45.593575
-22.690828,-45.487366
-25.099901,-48.811634
-22.862957,-46.036446
-22.73724,-45.58983
-26.222834,-52.027714
-26.138601,-51.053032
-26.11781,-51.16534
-26.203512,-49.261852
-28.68895,-50.59714
-27.951292,-49.93415
-22.689444,-45.481945
-22.689444,-45.481945
-22.703138,-45.47843
-22.689444,-45.481945
-27.818598,-49.27205
-27.954203,-49.87658
-22.73724,-45.58983
-29.458334,-50.581112
-22.689444,-45.481945
-26.655283,-52.25268
-22.699839,-45.527267
-22.736872,-45.5987
-22.769058,-45.615963
-22.649939,-45.42649
-28.518099,-49.86852
-26.22401,-52.031147
-29.458334,-50.581112
-26.13263,-51.125053
-27.844707,-50.049004
-22.703138,-45.47843
-27.85777,-49.83212
-22.73724,-45.58983
-22.703138,-45.47843
-22.68785,-45.534225
-22.691557,-45.50286
-22.703138,-45.47843
-25.893742,-51.582954
-22.689444,-45.481945
-22.691557,-45.50286
-26.832401,-51.746624
-22.689444,-45.481945
-22.36484,-44.724613
-22.68785,-45.534225
-22.86138,-46.035946
-22.725803,-45.56929
-22.68785,-45.534225
-25.099901,-48.811634
-29.3522,-50.815193
-25.888823,-50.26831
-29.423851,-50.38677
-22.649939,-45.42649
-29.458334,-50.581112
-22.689444,-45.481945
-22.716358,-45.59326
-26.26845,-49.53019
-22.689066,-45.612003
-22.703138,-45.47843
-26.281424,-48.865036
-22.703138,-45.47843
-26.390871,-52.406116
-26.152815,-51.87378
-26.203512,-49.261852
-22.689444,-45.481945
-19.682245,-42.154625
-22.86138,-46.035946
-22.723347,-45.575054
-21.987356,-43.865227
-22.689444,-45.481945
-22.703138,-45.47843
-26.553736,-51.99683
-22.716358,-45.59326
-22.689444,-45.481945
-29.354458,-50.829823
-26.897694,-49.47991
-26.591022,-49.333687
-27.969574,-49.871716
-29.442808,-50.580227
-16.670465,-40.841866
-22.689444,-45.481945
-29.3522,-50.815193
-27.969349,-49.870544
-22.689444,-45.481945
-22.720968,-45.57992
-22.703138,-45.47843
-25.098722,-48.80948
-22.703138,-45.47843
-29.3522,-50.815193
-22.716682,-45.56501
-25.098722,-48.80948
-20.173767,-42.267704
-22.617435,-45.39259
-26.22401,-52.031147
-20.685087,-43.30088
-26.22401,-52.031147
-20.173044,-42.272785
-22.73724,-45.58983
-20.685087,-43.30088
-25.779743,-51.894485
-29.3522,-50.815193
-22.703138,-45.47843
-27.913567,-52.81526
-22.723818,-45.57771
-20.685087,-43.30088
-27.969574,-49.871716
-22.716179,-45.59319
-26.483538,-51.992405
-29.087921,-50.11877
-22.689444,-45.481945
-29.458334,-50.581112
-22.723347,-45.575054
-22.85656,-42.03847
-26.551525,-49.376247
-22.703138,-45.47843
-22.716358,-45.59326
-22.716372,-45.593178
-22.690458,-45.494896
-22.649939,-45.42649
-22.691557,-45.50286
-20.685087,-43.30088
-29.3522,-50.815193
-22.703138,-45.47843
-22.700865,-45.585583
-25.45377,-49.256413
-27.965282,-49.509254
-22.691557,-45.50286
-22.703138,-45.47843
-19.72269,-42.11745
-27.978527,-49.486237
-20.685087,-43.30088
-20.685087,-43.30088
-29.053146,-50.333794
-22.723997,-45.57768
-29.458334,-50.581112
-22.73724,-45.58983
-28.884787,-50.816666
-20.685087,-43.30088
-27.978527,-49.486237
-22.695082,-45.50664
-20.685087,-43.30088
-20.685087,-43.30088
-24.51615,-48.834633
-27.976612,-49.484547
-26.22401,-52.031147
-26.103607,-51.87489
-27.978981,-49.482117
-20.685087,-43.30088
-25.099901,-48.811634
-21.660118,-42.375122
-22.69151,-45.497116
-22.695082,-45.50664
-20.685087,-43.30088
-22.689444,-45.481945
-22.691076,-45.491364
-21.660118,-42.375122
-20.17345,-42.271347
-20.685087,-43.30088
-20.685087,-43.30088
-20.17345,-42.271347
-29.39474,-50.87588
-22.711205,-45.535927
-22.693571,-45.490643
-19.680864,-42.15181
-22.69151,-45.497116
-27.978981,-49.482117
-29.218147,-50.18102
-22.69151,-45.497116
-22.691076,-45.491364
-22.73724,-45.58983
-22.631704,-45.593575
-22.695082,-45.50664
-28.983624,-50.876385
-29.442862,-50.611286
-25.099901,-48.811634
-19.332022,-42.40568
-22.73724,-45.58983
-27.965282,-49.509254
-20.201193,-42.199215
-26.216728,-52.021885
-22.73724,-45.58983
-27.152075,-52.728486
-27.848388,-49.872893
-22.669578,-45.495079
-22.752764,-45.509063
-19.668082,-42.692139
-20.454747,-42.730699
-22.740538,-45.593556
-22.716154,-45.59214
-20.685087,-43.30088
-22.691557,-45.50286
-22.73724,-45.58983
-25.6398,-52.1224
-22.710155,-45.552963
-22.73724,-45.58983
-20.685087,-43.30088
-22.703138,-45.47843
-22.73724,-45.58983
-22.73724,-45.58983
-28.819855,-51.13433
-22.727846,-45.590965
-22.728975,-45.594456
-20.685087,-43.30088
-22.73724,-45.58983
-26.267317,-51.180965
-29.458334,-50.581112
-22.691557,-45.50286
-22.73724,-45.58983
-29.4279,-50.389
-22.728975,-45.594456
-26.216728,-52.021885
-22.699753,-45.482277
-22.70056,-45.587475
-22.689444,-45.481945
-26.574873,-50.753006
-22.716131,-45.59238
-20.685087,-43.30088
-22.691557,-45.50286
-26.462187,-52.568893
-20.685087,-43.30088
-22.690458,-45.494896
-26.402653,-53.315224
-22.73724,-45.58983
-22.689444,-45.481945
-29.458334,-50.581112
-22.689444,-45.481945
-20.092289,-42.225914
-20.414827,-41.848576
-22.716742,-45.581028
-22.716742,-45.581028
-22.691557,-45.50286
-19.332022,-42.40568
-22.694,-45.503
-22.703138,-45.47843
-26.553356,-52.53605
-22.727846,-45.590965
-28.818558,-51.13564
-22.691557,-45.50286
-27.957727,-49.87557
-20.685087,-43.30088
-22.690458,-45.494896
-22.73724,-45.58983
-22.71008,-45.537136
-22.691557,-45.50286
-22.689444,-45.481945
-29.355547,-50.82331
-29.79471,-51.12177
-22.876017,-46.029797
-22.876017,-46.029797
-22.689444,-45.481945
-26.462187,-52.568893
-22.73724,-45.58983
-29.432007,-50.39358
-22.73724,-45.58983
-20.798204,-42.862064
-29.458334,-50.581112
-16.709383,-43.941566
-19.332022,-42.40568
-20.685087,-43.30088
-22.690458,-45.494896
-26.428652,-53.30728
-27.951292,-49.93415
-22.693516,-45.505272
-22.73724,-45.58983
-22.690657,-45.483456
-29.458334,-50.581112
-22.689444,-45.481945
-26.79975,-51.991096
-22.69787,-45.485443
-22.703138,-45.47843
-29.432007,-50.39358
-29.458334,-50.581112
-20.685087,-43.30088
-29.458334,-50.581112
-27.967873,-49.895054
-22.73724,-45.58983
-29.480993,-50.17481
-22.36484,-44.724613
-27.967873,-49.895054
-22.73724,-45.58983
-27.967873,-49.895054
-27.967873,-49.895054
-22.735975,-45.588287
-22.689444,-45.481945
-22.689444,-45.481945
-29.355547,-50.82331
-29.303902,-50.483707
-22.73724,-45.58983
-22.689444,-45.481945
-28.01651,-49.842957
-22.689444,-45.481945
-22.690657,-45.483456
-29.458334,-50.581112
-29.319885,-50.50345
-29.066973,-49.959812
-29.015919,-50.804974
-22.716742,-45.581028
-26.357958,-53.259636
-29.46383,-50.615837
-29.26912,-50.84368
-20.685087,-43.30088
-22.689444,-45.481945
-27.951292,-49.93415
-27.951292,-49.93415
-27.951292,-49.93415
-27.959803,-49.879368
-22.689444,-45.481945
-29.363766,-50.813847
-27.951292,-49.93415
-22.876017,-46.029797
-27.956924,-49.881123
-22.689444,-45.481945
-29.432007,-50.39358
-20.685087,-43.30088
-20.685087,-43.30088
-22.68993,-45.48136
-26.645142,-49.356976
-20.685087,-43.30088
-22.696316,-45.48802
-22.689444,-45.481945
-22.73724,-45.58983
-19.712765,-41.814518
-26.536896,-51.606956
-27.967873,-49.895054
-20.415442,-43.42475
-27.967873,-49.895054
-27.967873,-49.895054
-26.536896,-51.606956
-20.685087,-43.30088
-27.967873,-49.895054
-19.332022,-42.40568
-26.226475,-52.030872
-27.951292,-49.93415
-22.73622,-45.557625
-22.73724,-45.58983
-22.703138,-45.47843
-22.73724,-45.58983
-27.967873,-49.895054
-29.432007,-50.39358
-28.286743,-49.94003
-22.726923,-45.561626
-26.943537,-51.426617
-22.700865,-45.585583
-27.932276,-49.85894
-19.546444,-42.54893
-22.73724,-45.58983
-25.468634,-48.845634
-21.979097,-44.60596
-27.9545,-49.9455
-29.480993,-50.17481
-26.263432,-51.18063
-22.73724,-45.58983
-26.591022,-49.333687
-22.689444,-45.481945
-27.143095,-51.60714
-26.428652,-53.30728
-26.79975,-51.991096
-29.480993,-50.17481
-22.73724,-45.58983
-26.08501,-51.877182
-22.86138,-46.035946
-22.691557,-45.50286
-29.442808,-50.580227
-26.591022,-49.333687
-24.298958,-50.603928
-29.480993,-50.17481
-22.69787,-45.485443
-22.73724,-45.58983
-22.699753,-45.482277
-29.458334,-50.581112
-22.716131,-45.59238
-20.22067,-42.228294
-22.73724,-45.58983
-28.302204,-50.233864
-29.417,-50.867
-26.873066,-52.018353
-29.319885,-50.50345
-22.691557,-45.50286
-22.700865,-45.585583
-27.90096,-48.872986
-22.73724,-45.58983
-29.303902,-50.483707
-22.73724,-45.58983
-22.689444,-45.481945
-26.23784,-51.194992
-22.691557,-45.50286
-26.462187,-52.568893
-26.798595,-51.991707
-22.73724,-45.58983
-29.437624,-50.60847
-28.18296,-50.640827
-22.689444,-45.481945
-29.458334,-50.581112
-22.73724,-45.58983
-29.364885,-50.80887
-26.462187,-52.568893
-29.458334,-50.581112
-19.332022,-42.40568
-22.73724,-45.58983
-22.73724,-45.58983
-19.332022,-42.40568
-20.685087,-43.30088
-22.73545,-45.58787
-22.73724,-45.58983
-22.717653,-45.589172
-22.86138,-46.035946
-22.649939,-45.42649
-22.73724,-45.58983
-22.691557,-45.50286
-22.689444,-45.481945
-20.685087,-43.30088
-22.689444,-45.481945
-22.689444,-45.481945
-29.458334,-50.581112
-19.498669,-42.53409
-22.73724,-45.58983
-26.79975,-51.991096
-29.432007,-50.39358
-22.73724,-45.58983
-22.693336,-45.5043
-22.689444,-45.481945
-24.740211,-47.56088
-22.689444,-45.481945
-20.685087,-43.30088
-22.728975,-45.594456
-21.47282,-44.615482
-22.689444,-45.481945
-27.951292,-49.93415
-26.799477,-51.990677
-20.685087,-43.30088
-22.73724,-45.58983
-25.099901,-48.811634
-22.73724,-45.58983
-22.717653,-45.589172
-26.307032,-48.79497
-22.689444,-45.481945
-29.319885,-50.50345
-22.726137,-45.570175
-22.696316,-45.48802
-20.685087,-43.30088
-27.951292,-49.93415
-26.22401,-52.031147
-28.816532,-51.13744
-22.689444,-45.481945
-22.689444,-45.481945
-27.951292,-49.93415
-27.951292,-49.93415
-20.685087,-43.30088
-29.442862,-50.611286
-22.726137,-45.570175
-29.442862,-50.611286
-22.718136,-45.41529
-27.951292,-49.93415
-22.689444,-45.481945
-22.73724,-45.58983
-22.691557,-45.50286
-23.564577,-45.837395
-29.442862,-50.611286
-22.876017,-46.029797
-20.685087,-43.30088
-20.685087,-43.30088
-27.951292,-49.93415
-20.685087,-43.30088
-27.967873,-49.895054
-29.458334,-50.581112
-22.876017,-46.029797
-22.73724,-45.58983
-27.967873,-49.895054
-27.951292,-49.93415
-22.689444,-45.481945
-20.685087,-43.30088
-28.011583,-49.832825
-27.967873,-49.895054
-20.685087,-43.30088
-22.68997,-45.481415
-27.951292,-49.93415
-29.017147,-50.802395
-22.73724,-45.58983
-20.685087,-43.30088
-20.685087,-43.30088
-22.73724,-45.58983
-29.458334,-50.581112
-26.304956,-53.285965
-29.458334,-50.581112
-29.442862,-50.611286
-29.442862,-50.611286
-29.442862,-50.611286
-20.685087,-43.30088
-22.73724,-45.58983
-20.577572,-42.648087
-29.458334,-50.581112
-20.22067,-42.228294
-26.304956,-53.285965
-22.703138,-45.47843
-22.703138,-45.47843
-20.685087,-43.30088
-26.226475,-52.030872
-29.218147,-50.18102
-26.645142,-49.356976
-22.860714,-46.030426
-22.703138,-45.47843
-19.712765,-41.814518
-29.39148,-50.429832
-22.73724,-45.58983
-20.685087,-43.30088
-22.781599,-45.609047
-26.304956,-53.285965
-20.685087,-43.30088
-26.645142,-49.356976
-20.685087,-43.30088
-29.423851,-50.38677
-29.423851,-50.38677
-29.437624,-50.60847
-24.136728,-47.977295
-22.444906,-44.61104
-22.7603,-45.598418
-26.536896,-51.606956
-20.685087,-43.30088
-19.667635,-42.549423
-22.73724,-45.58983
-29.432007,-50.39358
-29.423851,-50.38677
-29.423851,-50.38677
-20.685087,-43.30088
-29.442862,-50.611286
-22.755089,-45.488697
-22.73724,-45.58983
-25.2543,-48.956657
-26.536896,-51.606956
-26.227001,-52.17105
-26.489967,-52.20088
-22.73724,-45.58983
-24.9628,-48.415
-24.9628,-48.415
-20.685087,-43.30088
-22.73724,-45.58983
-26.536896,-51.606956
-22.73724,-45.58983
-29.442862,-50.611286
-28.326502,-50.26482
-27.977512,-49.857742
-24.434723,-48.584843
-29.423851,-50.38677
-29.423851,-50.38677
-17.097513,-40.95593
-22.703138,-45.47843
-27.913536,-52.81737
-25.0834,-48.8034
-22.876017,-46.029797
-29.391,-50.595
-22.73724,-45.58983
-22.73724,-45.58983
-27.61107,-53.49812
-26.513437,-51.77953
-24.327892,-50.61037
-20.685087,-43.30088
-29.432007,-50.39358
-27.951292,-49.93415
-22.73724,-45.58983
-26.225197,-49.236958
-22.703138,-45.47843
-19.360216,-42.39273
-20.685087,-43.30088
-29.442862,-50.611286
-29.493727,-50.573704
-22.876017,-46.029797
-22.693571,-45.490643
-29.432007,-50.39358
-29.432007,-50.39358
-26.225197,-49.236958
-29.423851,-50.38677
-20.22067,-42.228294
-20.685087,-43.30088
-29.443123,-50.61047
-22.703138,-45.47843
-22.703138,-45.47843
-29.432007,-50.39358
-22.876017,-46.029797
-29.389723,-50.39389
-20.685087,-43.30088
-26.357958,-53.259636
-27.951292,-49.93415
-25.062431,-48.570084
-22.73724,-45.58983
-29.159657,-50.078945
-25.119738,-48.855324
-29.326982,-50.26097
-25.36205,-49.260918
-29.354494,-50.820053
-25.853373,-52.17142
-26.652637,-49.5239
-25.36205,-49.260918
-20.685087,-43.30088
-24.3016,-50.577396
-26.79975,-51.991096
-24.418722,-48.572792
-22.861797,-46.077576
-19.360216,-42.39273
-29.082222,-50.418335
-25.119738,-48.855324
-24.434723,-48.584843
-26.357958,-53.259636
-25.119738,-48.855324
-26.513437,-51.77953
-26.357958,-53.259636
-20.685087,-43.30088
-26.225197,-49.236958
-29.432007,-50.39358
-20.685087,-43.30088
-22.861797,-46.077576
-26.357958,-53.259636
-29.01607,-50.80513
-22.876017,-46.029797
-27.828411,-50.343796
-17.130098,-40.92573
-22.689444,-45.481945
-27.951292,-49.93415
-29.432007,-50.39358
-26.652637,-49.5239
-22.664314,-44.592968
-26.357958,-53.259636
-27.95028,-49.933277
-26.357958,-53.259636
-19.473581,-40.705833
-27.941553,-49.6927
-22.703138,-45.47843
-24.321976,-50.61758
-22.875414,-46.03051
-26.357958,-53.259636
-26.536896,-51.606956
-26.652637,-49.5239
-20.685087,-43.30088
-25.36205,-49.260918
-22.715195,-45.604713
-20.685087,-43.30088
-22.703138,-45.47843
-22.703138,-45.47843
-20.685087,-43.30088
-20.685087,-43.30088
-26.357958,-53.259636
-20.685087,-43.30088
-26.304956,-53.285965
-27.61649,-51.512608
-27.951292,-49.93415
-17.012735,-40.969547
-28.12907,-49.95619
-27.951292,-49.93415
-25.698126,-48.473183
-29.432007,-50.39358
-29.432007,-50.39358
-29.01607,-50.80513
-29.432007,-50.39358
-25.62457,-49.14246
-27.951292,-49.93415
-25.62457,-49.14246
-22.703138,-45.47843
-20.685087,-43.30088
-22.689444,-45.481945
-22.765167,-45.604275
-22.703138,-45.47843
-24.298567,-50.574123
-29.442862,-50.611286
-22.735975,-45.588287
-22.691557,-45.50286
-22.691557,-45.50286
-26.578665,-52.550117
-26.32713,-53.269764
-27.951292,-49.93415
-27.004429,-51.556526
-26.652637,-49.5239
-20.685087,-43.30088
-26.513437,-51.77953
-22.703138,-45.47843
-26.357958,-53.259636
-28.12907,-49.95619
-20.685087,-43.30088
-28.12907,-49.95619
-22.691557,-45.50286
-22.691557,-45.50286
-27.111547,-52.7692
-22.73724,-45.58983
-29.458334,-50.581112
-27.957335,-49.875484
-22.693344,-45.505447
-22.703138,-45.47843
-20.01215,-42.73631
-22.33,-44.73
-24.264833,-48.4128
-26.505526,-52.57196
-27.957335,-49.875484
-19.158121,-40.775166
-22.703138,-45.47843
-22.735975,-45.588287
-29.423851,-50.38677
-29.442862,-50.611286
-27.9545,-49.8767
-22.709146,-45.541798
-22.703138,-45.47843
-29.423851,-50.38677
-22.693344,-45.505447
-23.964434,-47.014336
-29.423851,-50.38677
-20.685087,-43.30088
-27.951292,-49.93415
-22.691557,-45.50286
-22.690262,-45.495045
-27.913567,-52.81526
-27.111547,-52.7692
-20.685087,-43.30088
-16.302088,-40.92174
-16.302088,-40.92174
-22.664314,-44.592968
-20.685087,-43.30088
-20.685087,-43.30088
-28.502413,-50.261036
-26.758625,-53.491108
-26.591022,-49.333687
-29.423851,-50.38677
-27.9545,-49.8767
-27.9545,-49.8767
-22.862457,-46.043335
-29.423851,-50.38677
-20.685087,-43.30088
-22.709146,-45.541798
-27.951292,-49.93415
-26.513437,-51.77953
-19.158121,-40.775166
-27.954668,-49.876534
-27.951292,-49.93415
-20.685087,-43.30088
-27.892637,-49.181725
-27.924501,-49.8566
-29.423851,-50.38677
-27.822397,-50.485363
-26.79975,-51.991096
-28.897018,-50.808933
-28.884787,-50.816666
-29.423851,-50.38677
-22.882439,-46.023926
-28.897018,-50.808933
-28.884787,-50.816666
-20.685087,-43.30088
-28.884787,-50.816666
-28.884787,-50.816666
-19.158121,-40.775166
-27.924501,-49.8566
-19.723726,-41.806305
-29.692303,-50.24357
-26.652637,-49.5239
-29.432007,-50.39358
-27.919882,-49.224865
-20.685087,-43.30088
-28.897018,-50.808933
-28.897018,-50.808933
-28.884787,-50.816666
-28.877893,-50.973263
-26.652637,-49.5239
-28.884815,-50.821964
-29.423851,-50.38677
-29.423851,-50.38677
-28.884787,-50.816666
-29.480993,-50.17481
-22.689444,-45.481945
-27.997192,-49.285046
-26.79975,-51.991096
-22.691074,-45.48765
-22.691074,-45.48765
-22.693806,-45.49103
-22.693806,-45.49103
-26.421843,-51.30342
-22.693806,-45.49103
-22.693806,-45.49103
-25.099901,-48.811634
-22.691074,-45.48765
-25.099901,-48.811634
-19.732687,-41.991634
-26.866707,-49.462177
-26.304956,-53.285965
-25.099901,-48.811634
-29.480993,-50.17481
-21.61227,-44.58398
-29.486155,-50.21293
-22.689444,-45.481945
-28.884787,-50.816666
-28.884787,-50.816666
-28.948103,-50.81785
-22.73724,-45.58983
-28.884787,-50.816666
-22.691574,-45.480175
-22.693806,-45.49103
-22.691074,-45.48765
-20.505144,-41.80629
-22.693806,-45.49103
-21.15535,-43.560734
-22.33,-44.73
-27.892637,-49.181725
-26.897694,-49.47991
-25.099901,-48.811634
-26.873066,-52.018353
-22.689444,-45.481945
-29.480993,-50.17481
-22.714611,-45.597748
-29.480993,-50.17481
-22.691557,-45.50286
-22.879093,-46.027794
-20.438515,-41.797398
-20.505144,-41.80629
-29.393772,-50.876205
-22.86138,-46.035946
-26.897694,-49.47991
-22.73724,-45.58983
-28.034021,-49.15021
-29.480993,-50.17481
-22.33,-44.73
-25.099901,-48.811634
-25.099901,-48.811634
-29.48111,-50.174133
-25.099901,-48.811634
-19.414816,-42.727303
-26.765863,-51.94476
-22.879093,-46.027794
-20.438515,-41.797398
-26.357958,-53.259636
-25.079151,-48.82894
-29.480993,-50.17481
-25.079151,-48.82894
-27.967873,-49.895054
-26.20118,-51.06235
-25.099901,-48.811634
-29.423851,-50.38677
-24.8789,-48.2603
-26.188417,-49.2534
-24.9628,-48.415
-24.9628,-48.415
-27.967873,-49.895054
-26.357958,-53.259636
-22.728975,-45.594456
-29.480993,-50.17481
-26.357958,-53.259636
-27.951292,-49.93415
-20.505144,-41.80629
-29.423851,-50.38677
-27.951292,-49.93415
-27.951292,-49.93415
-27.956425,-49.915222
-27.956425,-49.915222
-27.951292,-49.93415
-26.188417,-49.2534
-24.9628,-48.415
-24.9628,-48.415
-21.532091,-44.65268
-24.962809,-48.415146
-27.971178,-49.894493
-24.9628,-48.415
-24.9628,-48.415
-20.438515,-41.797398
-28.011583,-49.832825
-27.951292,-49.93415
-27.951292,-49.93415
-27.951292,-49.93415
-27.951292,-49.93415
-27.951292,-49.93415
-27.951292,-49.93415
-27.967873,-49.895054
-27.951292,-49.93415
-27.967873,-49.895054
-27.968012,-49.89477
-22.69562,-45.522297
-27.951292,-49.93415
-24.015965,-46.28698
-24.9628,-48.415
-28.034021,-49.15021
-27.96029,-49.884373
-22.703138,-45.47843
-26.192076,-49.26085
-24.9628,-48.415
-24.9628,-48.415
-24.9628,-48.415
-24.9628,-48.415
-24.9628,-48.415
-24.9628,-48.415
-25.06352,-48.822727
-20.438515,-41.797398
-20.438515,-41.797398
-27.951292,-49.93415
-20.505144,-41.80629
-20.438515,-41.797398
-20.438515,-41.797398
-27.951292,-49.93415
-27.97163,-49.897446
-22.73724,-45.58983
-27.951292,-49.93415
-28.011583,-49.832825
-27.924501,-49.8566
-27.968012,-49.89477
-27.951292,-49.93415
-27.951292,-49.93415
-27.968012,-49.89477
-22.73724,-45.58983
-22.700865,-45.585583
-22.73724,-45.58983
-26.281755,-48.84727
-22.689444,-45.481945
-19.414816,-42.727303
-22.87895,-46.027676
-26.299032,-49.53263
-23.100517,-44.729343
-22.699839,-45.527267
-29.442862,-50.611286
-22.703138,-45.47843
-22.73724,-45.58983
-26.713606,-49.67773
-26.713606,-49.67773
-26.713606,-49.67773
-26.713606,-49.67773
-26.713606,-49.67773
-27.63401,-51.088493
-26.713606,-49.67773
-26.713606,-49.67773
-26.713606,-49.67773
-26.713606,-49.67773
-26.713606,-49.67773
-26.713606,-49.67773
-26.713606,-49.67773
-26.713606,-49.67773
-26.713606,-49.67773
-26.713606,-49.67773
-26.713606,-49.67773
-26.713606,-49.67773
-26.713606,-49.67773
-22.689444,-45.481945
-26.713606,-49.67773
-26.713606,-49.67773
-26.713606,-49.67773
-26.713606,-49.67773
-26.713606,-49.67773
-26.713606,-49.67773
-26.713606,-49.67773
-26.713606,-49.67773
-26.713606,-49.67773
-26.713606,-49.67773
-26.713606,-49.67773
-26.713606,-49.67773
-26.713606,-49.67773
-26.713606,-49.67773
-26.713606,-49.67773
-26.713606,-49.67773
-26.713606,-49.67773
-26.713606,-49.67773
-26.713606,-49.67773
-26.624447,-51.25729
-27.17375,-49.21514
-27.106106,-49.15702
-27.120296,-49.254745
-27.951292,-49.93415
-27.606989,-48.522514
-22.689444,-45.481945
-22.689444,-45.481945
-19.16248,-43.326443
-18.907343,-43.382313
-19.49653,-43.20878
-20.285305,-42.634033
-22.689444,-45.481945
-22.689444,-45.481945
-26.357958,-53.259636
-26.357958,-53.259636
-27.73223,-48.81067
-29.202015,-50.04385
-22.703138,-45.47843
-27.81251,-50.32262
-22.703138,-45.47843
-22.649939,-45.42649
-27.997192,-49.285046
-22.73724,-45.58983
-22.87895,-46.027676
-22.879093,-46.027794
-27.96736,-49.86627
-22.87895,-46.027676
-22.87895,-46.027676
-25.099901,-48.811634
-17.588312,-40.65096
-22.703138,-45.47843
-22.684746,-45.65568
-29.442862,-50.611286
-22.689444,-45.481945
-22.691013,-45.487553
-22.703138,-45.47843
-29.395287,-50.87508
-22.689444,-45.481945
-18.664745,-43.09209
-22.689444,-45.481945
-22.703138,-45.47843
-22.689444,-45.481945
-22.703138,-45.47843
-22.703138,-45.47843
-22.703138,-45.47843
-22.689444,-45.481945
-27.67798,-49.17663
-22.691013,-45.487553
-22.691013,-45.487553
-22.689444,-45.481945
-28.034021,-49.15021
-22.689444,-45.481945
-22.73724,-45.58983
-29.45175,-50.61196
-19.953253,-44.2315
-22.876017,-46.029797
-20.46585,-41.730213
-20.46585,-41.730213
-24.332771,-50.6088
-22.649939,-45.42649
-22.703138,-45.47843
-22.82748,-45.889923
-23.261324,-45.530807
-26.551525,-49.376247
-26.738558,-49.473602
-25.099901,-48.811634
-22.73724,-45.58983
-22.229044,-44.696938
-26.031914,-51.41434
-22.229044,-44.696938
-21.600992,-44.570778
-26.357958,-53.259636
-21.600992,-44.570778
-26.357958,-53.259636
-26.31519,-53.303646
-29.442808,-50.580227
-22.86366,-46.040817
-26.033772,-51.3943
-19.723646,-41.809845
-19.689869,-41.83656
-25.904398,-51.598354
-29.202015,-50.04385
-25.904398,-51.598354
-25.904398,-51.598354
-26.304956,-53.285965
-27.111547,-52.7692
-26.505526,-52.57196
-26.505526,-52.57196
-26.641052,-51.493843
-27.111547,-52.7692
-26.31519,-53.303646
-22.684746,-45.65568
-26.357958,-53.259636
-25.790771,-52.099163
-26.047548,-51.321922
-26.019072,-51.354176
-25.976873,-51.44964
-22.691557,-45.50286
-22.703138,-45.47843
-22.703138,-45.47843
-22.691557,-45.50286
-27.971739,-49.892693
-22.703138,-45.47843
-22.73724,-45.58983
-27.951292,-49.93415
-22.689444,-45.481945
-22.691557,-45.50286
-22.703138,-45.47843
-21.15754,-43.541706
-22.689444,-45.481945
-22.689444,-45.481945
-24.296625,-50.61038
-22.689444,-45.481945
-22.689444,-45.481945
-22.703138,-45.47843
-22.689444,-45.481945
-22.689444,-45.481945
-22.793312,-45.571903
-22.694157,-45.505657
-21.547333,-44.80104
-27.73223,-48.81067
-27.73223,-48.81067
-22.718842,-45.564342
-22.694157,-45.505657
-27.73223,-48.81067
-27.621052,-50.402096
-27.92958,-49.85365
-22.689444,-45.481945
-27.991718,-49.877834
-28.011583,-49.832825
-27.9714,-49.891186
-27.621052,-50.402096
-27.95152,-49.934246
-28.011583,-49.832825
-27.991718,-49.877834
-27.92958,-49.85365
-27.970695,-49.89394
-27.95152,-49.934246
-22.73724,-45.58983
-27.9209,-49.225
-22.73724,-45.58983
-24.546171,-51.601036
-22.689444,-45.481945
-22.689444,-45.481945
-22.73724,-45.58983
-22.703138,-45.47843
-22.691557,-45.50286
-22.691557,-45.50286
-22.691557,-45.50286
-22.691557,-45.50286
-22.73724,-45.58983
-28.011583,-49.832825
-27.791348,-50.35624
-22.630312,-45.414532
-22.73724,-45.58983
-25.062431,-48.570084
-22.73724,-45.58983
-22.736845,-45.512924
-22.73724,-45.58983
-22.703138,-45.47843
-22.703138,-45.47843
-29.480108,-50.173786
-22.736845,-45.512924
-22.73724,-45.58983
-22.6797,-45.642
-22.689444,-45.481945
-24.112444,-46.79356
-29.19662,-50.490837
-28.293213,-49.93735
-22.73724,-45.58983
-29.442862,-50.611286
-29.442862,-50.611286
-22.691557,-45.50286
-29.4411,-50.613113
-29.4411,-50.613113
-28.433569,-50.49546
-22.73724,-45.58983
-27.402288,-50.758728
-27.402288,-50.758728
-27.65241,-49.07524
-28.206068,-50.71521
-19.546444,-42.54893
-29.442862,-50.611286
-25.388575,-49.136997
-22.697575,-45.547813
-22.736845,-45.512924
-27.897957,-49.405945
-22.736845,-45.512924
-22.690638,-45.504215
-22.701971,-45.480095
-22.736845,-45.512924
-22.736845,-45.512924
-22.736845,-45.512924
-22.689444,-45.481945
-29.42292,-50.38625
-28.037592,-49.1338
-29.423851,-50.38677
-29.39148,-50.429832
-29.423851,-50.38677
-22.736845,-45.512924
-24.962786,-48.416378
-26.698889,-49.690453
-26.713606,-49.67773
-26.658638,-49.521774
-26.698889,-49.690453
-24.544767,-48.715847
-26.658638,-49.521774
-26.713606,-49.67773
-22.736845,-45.512924
-26.698889,-49.690453
-26.658638,-49.521774
-26.713606,-49.67773
-28.18296,-50.640827
-24.312246,-48.2985
-24.312246,-48.2985
-29.442862,-50.611286
-22.691557,-45.50286
-24.14315,-47.973732
-27.383047,-49.333935
-29.442862,-50.611286
-29.159657,-50.078945
-26.79848,-51.98698
-26.591022,-49.333687
-26.713606,-49.67773
-26.713606,-49.67773
-26.713606,-49.67773
-26.713606,-49.67773
-26.713606,-49.67773
-26.713606,-49.67773
-26.653128,-49.34983
-22.73724,-45.58983
-26.77307,-51.96288
-19.731714,-41.816998
-29.423851,-50.38677
-28.450176,-50.02809
-28.365849,-49.950157
-25.48441,-48.75009
-20.076256,-41.123425
-26.74083,-49.609753
-26.74285,-51.98211
-26.74285,-51.98211
-26.74285,-51.98211
-26.74285,-51.98211
-26.74285,-51.98211
-26.74285,-51.98211
-28.011583,-49.832825
-27.920357,-49.995068
-27.951292,-49.93415
-26.77597,-52.00352
-26.88844,-51.9955
-26.74285,-51.98211
-26.74285,-51.98211
-26.74285,-51.98211
-26.74285,-51.98211
-26.74285,-51.98211
-22.703474,-45.477863
-22.872538,-46.03587
-22.872538,-46.03587
-22.872538,-46.03587
-22.872538,-46.03587
-22.6815,-45.462883
-27.951292,-49.93415
-27.951292,-49.93415
-27.951292,-49.93415
-27.951292,-49.93415
-27.97268,-49.84894
-27.99898,-49.91271
-27.98019,-49.85178
-27.99898,-49.91271
-27.95198,-49.93461
-27.951292,-49.93415
-26.92957,-49.075283
-27.951292,-49.93415
-27.73764,-49.74323
-27.951292,-49.93415
-27.99898,-49.91271
-29.218147,-50.18102
-27.105103,-52.76609
-27.475,-49.2921
-27.951292,-49.93415
-25.698511,-51.645054
-18.69105,-43.20936
-29.45126,-50.61554
-26.77307,-51.96288
-26.77307,-51.96288
-27.675718,-49.03748
-27.61649,-51.512608
-27.61649,-51.512608
-27.61649,-51.512608
-19.96731,-43.18512
-27.951466,-49.93416
-27.95151,-49.93476
-27.95151,-49.93476
-27.73764,-49.74323
-27.97207,-49.89357
-22.649939,-45.42649
-22.689444,-45.481945
-22.725193,-45.569553
-19.935556,-40.600278
-27.948046,-49.647285
-28.067305,-50.035366
-27.957335,-49.875484
-27.430471,-48.850082
-29.442862,-50.611286
-22.73724,-45.58983
-22.689444,-45.481945
-29.442862,-50.611286
-29.442862,-50.611286
-28.011583,-49.832825
-22.689444,-45.481945
-29.480108,-50.173786
-22.73724,-45.58983
-26.929417,-48.669518
-29.471884,-50.655212
-29.442862,-50.611286
-22.73724,-45.58983
-29.423851,-50.38677
-27.6,-51.5
-29.477,-50.17
-29.477,-50.17
-19.1504872,-40.0681686
-19.1504872,-40.0681686
-19.1504872,-40.0681686
-19.1504872,-40.0681686
-20.076255,-41.123424
-19.1581208,-40.7751667
-20.465851,-41.730213
-20.465851,-41.730213
-19.1581208,-40.7751667
-20.4385144,-41.7973995
-20.5051441,-41.8062884
-20.4385144,-41.7973995
-20.5051441,-41.8062884
-20.4385144,-41.7973995
-20.4385144,-41.7973995
-20.4385144,-41.7973995
-20.5051441,-41.8062884
-20.5051441,-41.8062884
-20.4385144,-41.7973995
-20.4385144,-41.7973995
-19.1581208,-40.7751667
-19.4735819,-40.7058316
-20.5051441,-41.8062884
-20.5051441,-41.8062884
-20.5051441,-41.8062884
-20.4675725,-41.7302487
-20.4675725,-41.7302487
-18.4240412,-48.1640625
-16.7093827,-43.9415681
-16.854314,-41.7551349
-19.7237264,-41.8063045
-19.7326863,-41.9916344
-20.2853044,-42.6340342
-19.4965314,-43.2087779
-18.9073421,-43.3823115
-19.1624786,-43.326441
-22.8760171,-46.0297966
-22.8760171,-46.0297966
-22.8760171,-46.0297966
-22.8760171,-46.0297966
-22.33,-44.73
-20.8012688,-42.864273
-20.6850871,-43.3008823
-19.6676356,-42.5494246
-18.8726699,-42.8871286
-21.979097,-44.6059627
-21.464878,-44.645361
-22.8274796,-45.8899212
-19.96731,-43.18512
-22.8725375,-46.0358691
-22.8725375,-46.0358691
-22.8725375,-46.0358691
-22.8725375,-46.0358691
-18.6910496,-43.2093573
-20.0121504,-42.7363101
-19.731715,-41.816997
-19.5464448,-42.548933
-17.5883124,-40.650959
-22.8783137,-46.0341049
-22.8760171,-46.0297966
-20.6850871,-43.3008823
-21.6009923,-44.5707779
-21.6009923,-44.5707779
-21.1575391,-43.5417044
-21.6009923,-44.5707779
-21.5473333,-44.8010389
-20.6850871,-43.3008823
-22.2290438,-44.6969372
-22.2290438,-44.6969372
-22.8636615,-46.0408172
-20.6850871,-43.3008823
-19.6898696,-41.8365598
-19.7236456,-41.809845
-19.9532526,-44.2314985
-19.6676356,-42.5494246
-22.8789507,-46.027674
-18.6647457,-43.0920911
-22.8790938,-46.0277924
-22.8789507,-46.027674
-22.8789507,-46.027674
-22.8789507,-46.027674
-19.4148159,-42.7273011
-21.5320903,-44.6526777
-22.33,-44.73
-22.33,-44.73
-22.861379,-46.035946
-19.5464448,-42.548933
-19.4148159,-42.7273011
-22.8790938,-46.0277924
-21.6122704,-44.5839787
-22.8790938,-46.0277924
-21.155349,-43.560732
-16.3020885,-40.9217398
-16.3020885,-40.9217398
-20.518294,-41.8997821
-20.6850871,-43.3008823
-22.862457,-46.0433366
-22.885806,-46.022677
-20.6850871,-43.3008823
-20.6850871,-43.3008823
-20.6850871,-43.3008823
-20.6850871,-43.3008823
-20.6850871,-43.3008823
-20.6850871,-43.3008823
-20.6850871,-43.3008823
-20.6850871,-43.3008823
-20.6850871,-43.3008823
-20.6850871,-43.3008823
-20.6850871,-43.3008823
-20.6850871,-43.3008823
-20.6850871,-43.3008823
-22.875414,-46.0305101
-20.6850871,-43.3008823
-22.8662021,-46.0417747
-20.6850871,-43.3008823
-22.861798,-46.077577
-20.6850871,-43.3008823
-22.861798,-46.077577
-20.6850871,-43.3008823
-17.0127358,-40.9695488
-20.6850871,-43.3008823
-20.6850871,-43.3008823
-17.1300977,-40.9257323
-20.6850871,-43.3008823
-22.8760171,-46.0297966
-22.8760171,-46.0297966
-19.7768228,-42.602376
-22.8760171,-46.0297966
-20.6850871,-43.3008823
-22.8760171,-46.0297966
-17.0975128,-40.9559286
-19.3602152,-42.3927314
-19.7127645,-41.814518
-19.7127645,-41.814518
-19.3602152,-42.3927314
-20.220671,-42.2282941
-20.6850871,-43.3008823
-20.6850871,-43.3008823
-20.415441,-43.4247511
-20.6850871,-43.3008823
-20.4148267,-41.8485761
-22.8607135,-46.0304256
-19.3320224,-42.4056809
-20.5775712,-42.6480882
-20.6850871,-43.3008823
-20.6850871,-43.3008823
-20.6850871,-43.3008823
-20.220671,-42.2282941
-20.6850871,-43.3008823
-20.6850871,-43.3008823
-20.220671,-42.2282941
-20.6850871,-43.3008823
-20.6850871,-43.3008823
-20.6850871,-43.3008823
-20.6850871,-43.3008823
-20.6850871,-43.3008823
-20.6850871,-43.3008823
-20.6850871,-43.3008823
-20.6850871,-43.3008823
-22.8760171,-46.0297966
-20.6850871,-43.3008823
-20.6850871,-43.3008823
-20.6850871,-43.3008823
-20.6850871,-43.3008823
-20.6850871,-43.3008823
-20.6850871,-43.3008823
-20.6850871,-43.3008823
-20.6850871,-43.3008823
-19.3320224,-42.4056809
-20.6850871,-43.3008823
-20.6850871,-43.3008823
-20.6850871,-43.3008823
-21.4728205,-44.6154822
-20.6850871,-43.3008823
-20.7982044,-42.8620648
-20.6850871,-43.3008823
-20.6850871,-43.3008823
-19.4986686,-42.5340897
-20.6850871,-43.3008823
-20.6850871,-43.3008823
-19.3320224,-42.4056809
-19.3320224,-42.4056809
-19.3320224,-42.4056809
-22.861379,-46.035946
-20.0922896,-42.2259146
-22.861379,-46.035946
-20.2011934,-42.199215
-22.8629571,-46.0364444
-21.660119,-42.375123
-21.660119,-42.375123
-20.1994857,-42.1989951
-20.1734499,-42.2713488
-20.1734499,-42.2713488
-22.7459471,-45.8110049
-19.6808645,-42.1518095
-20.2011934,-42.199215
-19.3320224,-42.4056809
-20.1994857,-42.1989951
-20.1565848,-42.2798691
-20.6850871,-43.3008823
-20.6850871,-43.3008823
-20.6850871,-43.3008823
-20.6850871,-43.3008823
-20.6850871,-43.3008823
-20.6850871,-43.3008823
-20.6850871,-43.3008823
-20.2154902,-42.2208036
-20.6850871,-43.3008823
-20.6850871,-43.3008823
-20.6850871,-43.3008823
-20.6850871,-43.3008823
-20.6850871,-43.3008823
-20.6850871,-43.3008823
-20.1571469,-42.281435
-20.6850871,-43.3008823
-19.7226909,-42.1174495
-20.6850871,-43.3008823
-20.6850871,-43.3008823
-20.6850871,-43.3008823
-20.6850871,-43.3008823
-20.6850871,-43.3008823
-20.1730442,-42.2727856
-20.2243362,-42.3227755
-20.2243362,-42.3227755
-20.1563664,-42.2797464
-20.1737672,-42.2677031
-20.2154902,-42.2208036
-20.1730442,-42.2727856
-20.6850871,-43.3008823
-22.617436,-45.392588
-22.617436,-45.392588
-22.8593366,-46.0319023
-22.617436,-45.392588
-20.6850871,-43.3008823
-22.617436,-45.392588
-16.6704662,-40.841866
-19.6822457,-42.1546249
-20.6850871,-43.3008823
-21.9873555,-43.865228
-22.861379,-46.035946
-22.861379,-46.035946
-22.861379,-46.035946
-22.8518993,-46.0306868
-20.6850871,-43.3008823
-20.6850871,-43.3008823
-16.6357203,-41.3620257
-22.808261,-45.99569
-20.6850871,-43.3008823
-20.6850871,-43.3008823
-22.808127,-45.99566
-20.4148267,-41.8485761
-20.6850871,-43.3008823
-19.4657286,-42.5585349
-20.6850871,-43.3008823
-20.6850871,-43.3008823
-20.6850871,-43.3008823
-20.6850871,-43.3008823
-22.2616084,-44.5074965
-20.6850871,-43.3008823
-20.6850871,-43.3008823
-20.6850871,-43.3008823
-21.9951987,-43.866974
-20.6850871,-43.3008823
-22.33,-44.73
-22.005514,-43.879842
-21.946955,-43.892291
-20.6850871,-43.3008823
-20.6850871,-43.3008823
-20.6850871,-43.3008823
-20.6850871,-43.3008823
-22.8760171,-46.0297966
-21.997845,-43.831567
-20.6850871,-43.3008823
-20.6850871,-43.3008823
-19.6676356,-42.5494246
-19.6676356,-42.5494246
-20.6850871,-43.3008823
-20.6850871,-43.3008823
-19.412596,-42.60874
-19.407225,-42.652933
-19.418539,-42.639506
-19.6676356,-42.5494246
-21.923528,-43.78961
-20.6850871,-43.3008823
-19.38903,-42.654254
-19.6676356,-42.5494246
-19.6676356,-42.5494246
-21.6045545,-44.5764782
-21.923528,-43.78961
-19.6676356,-42.5494246
-19.3700855,-42.4134137
-19.604358,-41.628806
-22.860675,-46.0292408
-22.860675,-46.0292408
-22.8638481,-46.0387257
-22.8678354,-46.0370519
-21.9880242,-43.899625
-21.66514,-43.9071258
-21.9878876,-43.8996343
-21.6618106,-43.9058934
-21.9950592,-43.9018216
-22.8020724,-45.9933352
-20.6850871,-43.3008823
-19.38903,-42.654254
-20.6850871,-43.3008823
-20.6850871,-43.3008823
-20.6850871,-43.3008823
-20.6850871,-43.3008823
-19.412596,-42.60874
-20.6850871,-43.3008823
-19.0228271,-43.265049
-18.9865723,-43.2167505
-20.6850871,-43.3008823
-19.0228271,-43.265049
-20.6850871,-43.3008823
-18.976794,-43.1740413
-22.61571,-45.357584
-18.9659833,-43.254098
-20.6850871,-43.3008823
-16.4631821,-41.7187169
-16.4631821,-41.7187169
-20.6850871,-43.3008823
-16.4631821,-41.7187169
-20.6850871,-43.3008823
-20.6850871,-43.3008823
-16.4631821,-41.7187169
-16.4631821,-41.7187169
-16.4631821,-41.7187169
-16.4631821,-41.7187169
-16.4631821,-41.7187169
-22.862089,-46.043274
-20.6926522,-43.3093946
-20.6850871,-43.3008823
-20.6850871,-43.3008823
-20.6888683,-43.3079543
-20.6850871,-43.3008823
-22.8020724,-45.9933352
-20.6850871,-43.3008823
-20.6850871,-43.3008823
-20.6888683,-43.3079543
-22.8020724,-45.9933352
-20.6850871,-43.3008823
-20.6850871,-43.3008823
-20.6850871,-43.3008823
-20.6888683,-43.3079543
-20.6926522,-43.3093946
-20.6926522,-43.3093946
-20.6850871,-43.3008823
-20.6926522,-43.3093946
-20.6888683,-43.3079543
-22.2616084,-44.5074965
-22.2616084,-44.5074965
-22.8760171,-46.0297966
-22.883789,-46.0247567
-19.5883538,-43.4332962
-22.8760171,-46.0297966
-22.8020724,-45.9933352
-22.2616084,-44.5074965
-22.8020724,-45.9933352
-20.6888683,-43.3079543
-22.2616084,-44.5074965
-22.8760171,-46.0297966
-22.2616084,-44.5074965
-22.2616084,-44.5074965
-22.8020724,-45.9933352
-22.8760171,-46.0297966
-20.6850871,-43.3008823
-20.6850871,-43.3008823
-22.8686471,-46.0222228
-22.8610011,-46.0304703
-22.8760171,-46.0297966
-20.249293,-46.36635
-21.4464682,-44.675533
-21.4464682,-44.675533
-20.6850871,-43.3008823
-22.883789,-46.0247567
-21.4464682,-44.675533
-21.4503548,-44.6716525
-22.883789,-46.0247567
-20.6850871,-43.3008823
-19.776,-42.602
-22.8020724,-45.9933352
-20.6888683,-43.3079543
-20.0941905,-43.3999334
-22.8662021,-46.0417747
-20.061582,-43.266393
-20.6888683,-43.3079543
-22.8020724,-45.9933352
-19.4164384,-42.7257957
-22.8020724,-45.9933352
-22.8631,-46.0386
-22.8760171,-46.0297966
-22.8760171,-46.0297966
-22.8631,-46.0386
-20.6850871,-43.3008823
-20.6997873,-43.3118085
-19.6046155,-41.4659166
-22.8760171,-46.0297966
-20.6888683,-43.3079543
-20.6888683,-43.3079543
-20.6926522,-43.3093946
-22.8760171,-46.0297966
-22.8020724,-45.9933352
-22.8020724,-45.9933352
-19.6046155,-41.4659166
-22.8857531,-46.0232245
-20.6849221,-43.2988974
-20.6926522,-43.3093946
-20.6849221,-43.2988974
-16.3123459,-40.7389971
-20.6849221,-43.2988974
-19.7633918,-42.6312017
-19.7633918,-42.6312017
-20.4148267,-41.8485761
-20.6849221,-43.2988974
-20.4148267,-41.8485761
-20.6888683,-43.3079543
-20.6849221,-43.2988974
-20.6849221,-43.2988974
-20.6849221,-43.2988974
-17.5290649,-40.5720535
-22.8758193,-46.0337877
-20.6849221,-43.2988974
-20.6926522,-43.3093946
-22.8020724,-45.9933352
-20.6849221,-43.2988974
-22.8662021,-46.0417747
-19.7127645,-41.814518
-20.6849221,-43.2988974
-20.6849221,-43.2988974
-15.3515889,-43.9482096
-20.6849221,-43.2988974
-22.86604,-46.04079
-20.6849221,-43.2988974
-22.8020724,-45.9933352
-20.6849221,-43.2988974
-20.6849221,-43.2988974
-20.6888683,-43.3079543
-19.6676356,-42.5494246
-20.6926522,-43.3093946
-20.6849221,-43.2988974
-22.8760171,-46.0297966
-20.6926522,-43.3093946
-19.6676356,-42.5494246
-20.3149493,-42.6067
-19.6676356,-42.5494246
-19.6676356,-42.5494246
-22.8662021,-46.0417747
-22.85656,-42.03847
-22.444906,-44.6110368
-22.3648402,-44.7246122
-22.444906,-44.6110368
-22.406585,-44.6242332
-23.100518,-44.729345
-22.3648402,-44.7246122
-22.3838038,-44.668536
-22.6894444,-45.4819444
-22.6894444,-45.4819444
-22.6894444,-45.4819444
-22.6977678,-45.5150578
-22.6977678,-45.5150578
-24.1367282,-47.9772949
-22.6943184,-45.5242968
-22.6894444,-45.4819444
-22.6894444,-45.4819444
-22.6959697,-45.5235121
-22.6894444,-45.4819444
-22.6894444,-45.4819444
-22.6894444,-45.4819444
-22.7372401,-45.5898285
-22.7372401,-45.5898285
-22.7372401,-45.5898285
-22.7372401,-45.5898285
-22.6797,-45.642
-22.6894444,-45.4819444
-24.1124446,-46.793561
-22.6894444,-45.4819444
-24.1431508,-47.9737329
-22.7372401,-45.5898285
-22.6915568,-45.5028605
-22.7372401,-45.5898285
-22.6894444,-45.4819444
-22.6894444,-45.4819444
-22.6894444,-45.4819444
-22.6894444,-45.4819444
-22.7372401,-45.5898285
-23.3388406,-45.1491401
-22.7393263,-45.5915378
-22.7031374,-45.478431
-22.7372401,-45.5898285
-22.7372401,-45.5898285
-22.7372401,-45.5898285
-22.7093163,-45.5486083
-22.7372401,-45.5898285
-22.6894444,-45.4819444
-22.7372401,-45.5898285
-22.6894444,-45.4819444
-22.6894444,-45.4819444
-22.6894444,-45.4819444
-22.7372401,-45.5898285
-22.6894444,-45.4819444
-22.7815993,-45.6090482
-22.7372401,-45.5898285
-22.6894444,-45.4819444
-22.6894444,-45.4819444
-22.6894444,-45.4819444
-22.710156,-45.552964
-22.710156,-45.552964
-22.6894444,-45.4819444
-22.7031374,-45.478431
-22.7372401,-45.5898285
-22.6894444,-45.4819444
-22.6894444,-45.4819444
-22.6894444,-45.4819444
-22.6894444,-45.4819444
-22.6894444,-45.4819444
-22.6894444,-45.4819444
-24.5447666,-48.7158465
-22.6894444,-45.4819444
-22.6894444,-45.4819444
-22.6894444,-45.4819444
-22.7372401,-45.5898285
-22.6894444,-45.4819444
-22.7372401,-45.5898285
-22.7372401,-45.5898285
-22.7372401,-45.5898285
-22.6894444,-45.4819444
-22.6894444,-45.4819444
-22.751324,-45.512767
-22.6894444,-45.4819444
-22.7031374,-45.478431
-22.6894444,-45.4819444
-22.6894444,-45.4819444
-22.6894444,-45.4819444
-22.7372401,-45.5898285
-22.69,-45.49
-22.791142,-45.496955
-22.7372401,-45.5898285
-22.6894444,-45.4819444
-22.7031374,-45.478431
-22.6894444,-45.4819444
-22.6894444,-45.4819444
-22.7372401,-45.5898285
-22.7372401,-45.5898285
-22.69,-45.49
-22.6894444,-45.4819444
-22.6894444,-45.4819444
-22.6894444,-45.4819444
-22.7031374,-45.478431
-22.7031374,-45.478431
-22.6894444,-45.4819444
-22.7372401,-45.5898285
-22.6894444,-45.4819444
-22.6894444,-45.4819444
-22.7372401,-45.5898285
-22.6894444,-45.4819444
-22.6998382,-45.5272686
-22.7393263,-45.5915378
-22.7181358,-45.4152927
-22.71,-45.55
-22.6955589,-45.5141876
-22.6894444,-45.4819444
-22.6894444,-45.4819444
-22.6998382,-45.5272686
-22.7031374,-45.478431
-22.6894444,-45.4819444
-22.6894444,-45.4819444
-22.6894444,-45.4819444
-22.7372401,-45.5898285
-22.6894444,-45.4819444
-22.6894444,-45.4819444
-22.7372401,-45.5898285
-22.7005603,-45.5874738
-22.6894444,-45.4819444
-22.6894444,-45.4819444
-22.6894444,-45.4819444
-22.6894444,-45.4819444
-22.7031374,-45.478431
-22.6894444,-45.4819444
-22.7372401,-45.5898285
-22.7317383,-45.617466
-22.7372401,-45.5898285
-22.6894444,-45.4819444
-22.7372401,-45.5898285
-22.7031374,-45.478431
-22.7393263,-45.5915378
-22.7166832,-45.5650112
-22.6890664,-45.6120022
-22.7372401,-45.5898285
-22.7372401,-45.5898285
-22.7031374,-45.478431
-22.6894444,-45.4819444
-23.9740187,-47.0347023
-23.9740187,-47.0347023
-23.9740187,-47.0347023
-23.9740187,-47.0347023
-22.6894444,-45.4819444
-22.7372401,-45.5898285
-22.7372401,-45.5898285
-22.7031374,-45.478431
-22.6894444,-45.4819444
-22.7031374,-45.478431
-22.7091295,-45.5467061
-22.6894444,-45.4819444
-22.7372401,-45.5898285
-22.7031374,-45.478431
-22.7031374,-45.478431
-22.7372401,-45.5898285
-22.7372401,-45.5898285
-22.6915568,-45.5028605
-22.7394992,-45.5580253
-22.7008653,-45.5855842
-22.7251923,-45.5695537
-22.6894444,-45.4819444
-22.6894444,-45.4819444
-22.6894444,-45.4819444
-22.7031374,-45.478431
-22.6499389,-45.4264917
-22.7372401,-45.5898285
-23.2613239,-45.5308056
-22.7372401,-45.5898285
-22.7372401,-45.5898285
-22.7031374,-45.478431
-22.7091295,-45.5467061
-22.735976,-45.588286
-22.7372401,-45.5898285
-22.6814997,-45.4628849
-22.7031374,-45.478431
-22.7034739,-45.4778624
-22.7372401,-45.5898285
-22.73724,-45.58983
-22.7091295,-45.5467061
-22.7368459,-45.5129242
-24.962785,-48.416379
-22.7368459,-45.5129242
-22.6894444,-45.4819444
-22.7368459,-45.5129242
-22.7368459,-45.5129242
-22.7368459,-45.5129242
-24.3122471,-48.2984991
-22.7368459,-45.5129242
-22.7368459,-45.5129242
-22.7368459,-45.5129242
-24.3122471,-48.2984991
-22.7368459,-45.5129242
-22.7372401,-45.5898285
-22.701972,-45.480095
-22.6975749,-45.5478144
-22.690637,-45.504215
-22.6915568,-45.5028605
-22.7372401,-45.5898285
-22.7031374,-45.478431
-22.7031374,-45.478431
-22.6915568,-45.5028605
-22.6894444,-45.4819444
-22.7372401,-45.5898285
-22.6915568,-45.5028605
-22.6894444,-45.4819444
-22.6915568,-45.5028605
-22.7372401,-45.5898285
-22.6915568,-45.5028605
-22.7372401,-45.5898285
-22.7372401,-45.5898285
-22.694156,-45.5056571
-22.7031374,-45.478431
-22.6915568,-45.5028605
-22.6894444,-45.4819444
-22.6915568,-45.5028605
-22.6894444,-45.4819444
-22.6915568,-45.5028605
-22.793312,-45.571903
-22.7372401,-45.5898285
-22.7031374,-45.478431
-22.6894444,-45.4819444
-22.6894444,-45.4819444
-22.6894444,-45.4819444
-22.6894444,-45.4819444
-22.7188414,-45.5643428
-22.6894444,-45.4819444
-22.6894444,-45.4819444
-22.7031374,-45.478431
-22.7031374,-45.478431
-22.694156,-45.5056571
-22.7031374,-45.478431
-22.694156,-45.5056571
-22.7372401,-45.5898285
-22.7031374,-45.478431
-22.6847466,-45.6556821
-22.6499389,-45.4264917
-22.7372401,-45.5898285
-22.7031374,-45.478431
-22.691013,-45.487552
-22.691013,-45.487552
-22.6847466,-45.6556821
-22.7031374,-45.478431
-22.6894444,-45.4819444
-22.7031374,-45.478431
-22.6894444,-45.4819444
-22.6894444,-45.4819444
-22.7031374,-45.478431
-22.7031374,-45.478431
-22.6894444,-45.4819444
-22.6894444,-45.4819444
-22.7031374,-45.478431
-22.6894444,-45.4819444
-22.7372401,-45.5898285
-22.6894444,-45.4819444
-22.691013,-45.487552
-22.7031374,-45.478431
-22.6499389,-45.4264917
-22.7031374,-45.478431
-22.7372401,-45.5898285
-22.7008653,-45.5855842
-22.7372401,-45.5898285
-22.7372401,-45.5898285
-22.7372401,-45.5898285
-22.7372401,-45.5898285
-22.7372401,-45.5898285
-22.7372401,-45.5898285
-22.7372401,-45.5898285
-22.695619,-45.522298
-22.7031374,-45.478431
-24.9628,-48.415
-24.9628,-48.415
-24.9628,-48.415
-24.9628,-48.415
-24.9628,-48.415
-24.9628,-48.415
-24.9628,-48.415
-24.9628,-48.415
-24.9628,-48.415
-24.962809,-48.415147
-24.9628,-48.415
-24.9628,-48.415
-24.9628,-48.415
-24.8789,-48.2603
-24.0159647,-46.2869802
-24.9628,-48.415
-22.7372401,-45.5898285
-22.7289756,-45.5944566
-22.7372401,-45.5898285
-22.7372401,-45.5898285
-22.6894444,-45.4819444
-22.693805,-45.491032
-22.693805,-45.491032
-22.693805,-45.491032
-22.693805,-45.491032
-22.6894444,-45.4819444
-22.693805,-45.491032
-22.7372401,-45.5898285
-22.693805,-45.491032
-22.6915568,-45.5028605
-22.714611,-45.597749
-22.6910735,-45.4876501
-22.6894444,-45.4819444
-22.6910735,-45.4876501
-22.6894444,-45.4819444
-22.6910735,-45.4876501
-22.7031374,-45.478431
-22.6910735,-45.4876501
-22.6915747,-45.4801758
-22.6915568,-45.5028605
-22.6643138,-44.5929694
-22.6643138,-44.5929694
-23.9644339,-47.0143363
-22.6933449,-45.5054474
-22.7091458,-45.5417972
-22.7091458,-45.5417972
-22.6902612,-45.4950449
-22.694,-45.503
-22.6933449,-45.5054474
-22.735976,-45.588286
-24.2648343,-48.4128007
-22.715195,-45.604715
-22.6915568,-45.5028605
-22.6915568,-45.5028605
-22.7031374,-45.478431
-22.6915568,-45.5028605
-22.735976,-45.588286
-22.6915568,-45.5028605
-22.7031374,-45.478431
-22.7031374,-45.478431
-22.6894444,-45.4819444
-22.7031374,-45.478431
-22.7031374,-45.478431
-22.7031374,-45.478431
-22.6894444,-45.4819444
-22.6894444,-45.4819444
-22.7651664,-45.6042729
-22.7372401,-45.5898285
-24.434722,-48.584843
-24.434722,-48.584843
-22.7372401,-45.5898285
-22.7031374,-45.478431
-22.7261374,-45.5701733
-24.4187228,-48.5727919
-22.7031374,-45.478431
-22.7031374,-45.478431
-22.7031374,-45.478431
-22.693571,-45.4906425
-22.6894444,-45.4819444
-22.7550896,-45.4886985
-22.7372401,-45.5898285
-24.9628,-48.415
-24.9628,-48.415
-22.7031374,-45.478431
-22.7269225,-45.5616277
-22.7031374,-45.478431
-22.7008653,-45.5855842
-22.73622,-45.5576256
-22.7372401,-45.5898285
-22.7372401,-45.5898285
-22.7372401,-45.5898285
-22.7372401,-45.5898285
-22.7372401,-45.5898285
-22.7031374,-45.478431
-22.7372401,-45.5898285
-22.7031374,-45.478431
-22.7372401,-45.5898285
-22.7372401,-45.5898285
-22.6894444,-45.4819444
-22.6894444,-45.4819444
-22.6899307,-45.481363
-22.6894444,-45.4819444
-22.6894444,-45.4819444
-22.68997,-45.481414
-22.6894444,-45.4819444
-22.6894444,-45.4819444
-22.6894444,-45.4819444
-22.690657,-45.483456
-22.690657,-45.483456
-22.6894444,-45.4819444
-23.5645772,-45.8373964
-22.693515,-45.5052732
-22.6894444,-45.4819444
-22.7372401,-45.5898285
-22.6894444,-45.4819444
-22.6894444,-45.4819444
-22.696315,-45.488021
-22.696315,-45.488021
-22.7372401,-45.5898285
-22.6894444,-45.4819444
-22.7372401,-45.5898285
-22.6915568,-45.5028605
-22.6894444,-45.4819444
-22.6894444,-45.4819444
-22.6894444,-45.4819444
-22.6894444,-45.4819444
-22.717653,-45.589173
-22.717653,-45.589173
-22.6894444,-45.4819444
-22.7261374,-45.5701733
-22.7372401,-45.5898285
-22.7372401,-45.5898285
-22.7372401,-45.5898285
-22.7372401,-45.5898285
-22.7289756,-45.5944566
-22.7372401,-45.5898285
-22.7372401,-45.5898285
-22.7372401,-45.5898285
-22.7372401,-45.5898285
-22.7372401,-45.5898285
-22.7289756,-45.5944566
-22.7031374,-45.478431
-22.7372401,-45.5898285
-22.7372401,-45.5898285
-22.7372401,-45.5898285
-22.7289756,-45.5944566
-22.7372401,-45.5898285
-22.7161308,-45.5923817
-22.6499389,-45.4264917
-22.7100791,-45.5371365
-22.7167421,-45.5810273
-22.6933362,-45.5042974
-22.7372401,-45.5898285
-22.6915568,-45.5028605
-22.6894444,-45.4819444
-22.6915568,-45.5028605
-22.6915568,-45.5028605
-22.6915568,-45.5028605
-22.7167421,-45.5810273
-22.6894444,-45.4819444
-22.6915568,-45.5028605
-22.7372401,-45.5898285
-22.7372401,-45.5898285
-22.6915568,-45.5028605
-22.6499389,-45.4264917
-22.7161308,-45.5923817
-22.7372401,-45.5898285
-22.6894444,-45.4819444
-22.7167421,-45.5810273
-22.7372401,-45.5898285
-22.6915568,-45.5028605
-22.7372401,-45.5898285
-22.7372401,-45.5898285
-22.6997525,-45.4822782
-22.6978709,-45.4854437
-22.7354501,-45.587871
-22.6904576,-45.4948966
-22.7031374,-45.478431
-22.6997525,-45.4822782
-22.6915568,-45.5028605
-22.6904576,-45.4948966
-22.6894444,-45.4819444
-22.6915568,-45.5028605
-22.6904576,-45.4948966
-22.6894444,-45.4819444
-22.6978709,-45.4854437
-22.6904576,-45.4948966
-22.727847,-45.590964
-22.727847,-45.590964
-22.716155,-45.59214
-22.7372401,-45.5898285
-22.7372401,-45.5898285
-22.6643138,-44.5929694
-22.7372401,-45.5898285
-22.7372401,-45.5898285
-22.6908285,-45.4873676
-22.6894444,-45.4819444
-22.6908285,-45.4873676
-22.7359002,-45.5989317
-22.695082,-45.506642
-22.711204,-45.535925
-22.695082,-45.506642
-22.69151,-45.497115
-22.711204,-45.535925
-22.691076,-45.491363
-22.7312058,-45.5956979
-22.691076,-45.491363
-22.695082,-45.506642
-22.711204,-45.535925
-22.693571,-45.4906425
-22.6894444,-45.4819444
-22.6894444,-45.4819444
-22.631705,-45.593575
-22.631705,-45.593575
-22.69151,-45.497115
-22.69151,-45.497115
-22.691076,-45.491363
-23.7698754,-45.7236105
-24.5161503,-48.8346328
-24.4538462,-48.8809026
-22.7239976,-45.5776775
-22.6894444,-45.4819444
-22.7238186,-45.5777083
-24.400334,-48.6445578
-22.6894444,-45.4819444
-22.7008653,-45.5855842
-22.716178,-45.593188
-22.7031374,-45.478431
-22.7031374,-45.478431
-22.716358,-45.59326
-22.716178,-45.593188
-22.6894444,-45.4819444
-22.7031374,-45.478431
-22.7071194,-45.4666726
-22.7031374,-45.478431
-22.7031374,-45.478431
-22.716371,-45.593178
-22.716358,-45.59326
-22.7372401,-45.5898285
-22.7326932,-45.5704817
-22.6915568,-45.5028605
-22.6915568,-45.5028605
-22.716358,-45.59326
-22.7372401,-45.5898285
-22.7031374,-45.478431
-22.716371,-45.593178
-22.716358,-45.59326
-22.7008653,-45.5855842
-22.7031374,-45.478431
-22.7031374,-45.478431
-22.7233467,-45.5750549
-22.715195,-45.604715
-22.7031374,-45.478431
-22.7233467,-45.5750549
-22.6894444,-45.4819444
-22.7031374,-45.478431
-22.715195,-45.604715
-22.7233467,-45.5750549
-22.6894444,-45.4819444
-22.6894444,-45.4819444
-22.7031374,-45.478431
-22.721726,-45.627179
-22.7031374,-45.478431
-22.6894444,-45.4819444
-22.7372401,-45.5898285
-22.7690589,-45.6159639
-22.7166832,-45.5650112
-22.7031374,-45.478431
-22.7031374,-45.478431
-22.6894444,-45.4819444
-22.6956292,-45.52121
-22.6956292,-45.52121
-22.6499389,-45.4264917
-22.6499389,-45.4264917
-22.7393263,-45.5915378
-22.6894444,-45.4819444
-22.7312058,-45.5956979
-22.7209691,-45.5799228
-22.6894444,-45.4819444
-22.6956292,-45.52121
-22.6894444,-45.4819444
-22.6894444,-45.4819444
-22.7031374,-45.478431
-22.7372401,-45.5898285
-22.7372401,-45.5898285
-22.6878514,-45.534225
-22.690464,-45.478831
-22.6894444,-45.4819444
-22.6894444,-45.4819444
-22.7372401,-45.5898285
-22.725803,-45.56929
-22.6878514,-45.534225
-22.6878514,-45.534225
-22.6894444,-45.4819444
-22.6894444,-45.4819444
-22.7238186,-45.5777083
-22.7372401,-45.5898285
-22.6915568,-45.5028605
-22.7368709,-45.5987006
-22.7031374,-45.478431
-22.6915568,-45.5028605
-22.7031374,-45.478431
-22.7261374,-45.5701733
-22.7031374,-45.478431
-22.6915568,-45.5028605
-22.7071194,-45.4666726
-22.696315,-45.488021
-22.7031374,-45.478431
-22.7372401,-45.5898285
-22.7031374,-45.478431
-22.7176384,-45.5909614
-22.690584,-45.494768
-22.7372401,-45.5898285
-22.7372401,-45.5898285
-22.7233467,-45.5750549
-22.7372401,-45.5898285
-22.7031374,-45.478431
-22.696315,-45.488021
-24.5445067,-48.6903691
-22.7031374,-45.478431
-22.6915568,-45.5028605
-22.690584,-45.494768
-22.7372401,-45.5898285
-22.7031374,-45.478431
-22.7031374,-45.478431
-22.7071194,-45.4666726
-22.7031374,-45.478431
-22.7031374,-45.478431
-22.693571,-45.4906425
-22.6894444,-45.4819444
-22.6894444,-45.4819444
-22.693571,-45.4906425
-22.6894444,-45.4819444
-22.693571,-45.4906425
-22.7031374,-45.478431
-22.6894444,-45.4819444
-22.7031374,-45.478431
-22.7031374,-45.478431
-22.7312058,-45.5956979
-22.7031374,-45.478431
-22.7312058,-45.5956979
-22.6894444,-45.4819444
-22.6658418,-44.5937505
-22.7312058,-45.5956979
-22.7031374,-45.478431
-22.7031374,-45.478431
-22.6835858,-45.4791938
-22.700875,-45.587755
-25.066155,-48.100868
-22.7372401,-45.5898285
-22.7372401,-45.5898285
-24.996297,-48.108607
-22.7209691,-45.5799228
-22.6951827,-45.5042586
-22.6894444,-45.4819444
-22.7372401,-45.5898285
-22.723187,-45.630515
-22.723216,-45.630505
-22.6894444,-45.4819444
-22.7507504,-45.5660862
-22.7209691,-45.5799228
-22.7372401,-45.5898285
-22.6894444,-45.4819444
-22.6894444,-45.4819444
-22.6894444,-45.4819444
-22.7031374,-45.478431
-22.693571,-45.4906425
-22.6723307,-45.4661574
-22.693571,-45.4906425
-22.6719425,-45.4622008
-22.7031374,-45.478431
-22.6894444,-45.4819444
-22.731235,-45.596981
-22.7031374,-45.478431
-22.7031374,-45.478431
-22.6894444,-45.4819444
-22.6894444,-45.4819444
-22.693571,-45.4906425
-22.6894444,-45.4819444
-22.6894444,-45.4819444
-22.6894444,-45.4819444
-22.6726457,-45.4664623
-22.693571,-45.4906425
-22.6894444,-45.4819444
-22.6894444,-45.4819444
-22.6894444,-45.4819444
-22.7372401,-45.5898285
-22.7393263,-45.5915378
-22.6894444,-45.4819444
-22.688992,-45.541553
-22.6894444,-45.4819444
-22.7372401,-45.5898285
-22.755673,-45.2186732
-22.7166221,-45.5916091
-22.7372401,-45.5898285
-25.016071,-47.9318003
-22.6933613,-45.500861
-22.7093163,-45.5486083
-22.6933613,-45.500861
-25.016071,-47.9318003
-25.016071,-47.9318003
-22.7372401,-45.5898285
-25.016071,-47.9318003
-25.016071,-47.9318003
-22.6915568,-45.5028605
-22.6894444,-45.4819444
-22.7372401,-45.5898285
-25.2010333,-48.0497742
-22.6894444,-45.4819444
-22.691178,-45.497208
-22.6990757,-45.5061747
-22.6894444,-45.4819444
-22.6915568,-45.5028605
-22.6990757,-45.5061747
-22.6990757,-45.5061747
-22.7372401,-45.5898285
-22.6990757,-45.5061747
-22.6915568,-45.5028605
-22.6915568,-45.5028605
-22.6915568,-45.5028605
-22.715859,-45.591392
-22.7244186,-45.5430422
-22.690578,-45.477981
-22.6894444,-45.4819444
-22.6915568,-45.5028605
-22.731235,-45.596981
-22.6915568,-45.5028605
-22.6894444,-45.4819444
-25.016071,-47.9318003
-22.6904201,-45.4803337
-25.1287386,-48.0224092
-24.4188333,-48.5725556
-25.016071,-47.9318003
-22.693571,-45.4906425
-22.7326932,-45.5704817
-23.1952514,-44.9862851
-25.016071,-47.9318003
-22.7405405,-45.5691284
-22.6894444,-45.4819444
-22.6894444,-45.4819444
-22.6894444,-45.4819444
-22.731235,-45.596981
-25.016071,-47.9318003
-25.016071,-47.9318003
-22.731178,-45.5958745
-22.731178,-45.5958745
-22.7394402,-45.5710843
-22.7372401,-45.5898285
-22.7216611,-45.6011507
-22.6910446,-45.5039321
-22.7409358,-45.5623275
-22.7031374,-45.478431
-22.6915568,-45.5028605
-22.693571,-45.4906425
-22.6915568,-45.5028605
-22.6938542,-45.5184376
-22.6986543,-45.480602
-22.714728,-45.5584187
-22.6915568,-45.5028605
-22.6915568,-45.5028605
-22.707404,-45.559848
-25.016071,-47.9318003
-22.693571,-45.4906425
-22.6915568,-45.5028605
-22.7372401,-45.5898285
-24.956982,-48.42139
-22.6878281,-45.5029649
-22.6915568,-45.5028605
-22.6915568,-45.5028605
-22.6894444,-45.4819444
-22.6915568,-45.5028605
-22.714728,-45.5584187
-24.956982,-48.42139
-24.956982,-48.42139
-22.7166832,-45.5650112
-22.6915568,-45.5028605
-22.7372401,-45.5898285
-22.7071194,-45.4666726
-22.6915568,-45.5028605
-22.693571,-45.4906425
-22.693571,-45.4906425
-22.7372401,-45.5898285
-22.6915568,-45.5028605
-22.7093163,-45.5486083
-22.6915568,-45.5028605
-22.693571,-45.4906425
-22.6915568,-45.5028605
-22.693571,-45.4906425
-22.7071194,-45.4666726
-22.715195,-45.604715
-22.7093163,-45.5486083
-22.7031374,-45.478431
-22.6951827,-45.5042586
-22.7372401,-45.5898285
-22.6910446,-45.5039321
-25.22102,-48.0469875
-22.7031374,-45.478431
-22.7372401,-45.5898285
-22.6915568,-45.5028605
-25.216905,-48.0388375
-22.7164238,-45.5923387
-22.7372401,-45.5898285
-22.715462,-45.592014
-22.6915568,-45.5028605
-22.7179433,-45.4142189
-22.6915568,-45.5028605
-22.693571,-45.4906425
-23.1628518,-44.9585867
-22.691209,-45.503621
-22.6965464,-45.4886225
-22.693571,-45.4906425
-23.1628518,-44.9585867
-22.693571,-45.4906425
-23.1628518,-44.9585867
-22.693571,-45.4906425
-22.693571,-45.4906425
-22.693571,-45.4906425
-22.7179433,-45.4142189
-22.6910446,-45.5039321
-22.693571,-45.4906425
-22.6946767,-45.5036083
-22.6894444,-45.4819444
-22.6915568,-45.5028605
-22.730306,-45.550831
-24.7397325,-47.5362777
-22.7372401,-45.5898285
-22.6915568,-45.5028605
-22.6894444,-45.4819444
-22.713475,-45.601465
-22.7497578,-45.5809593
-22.7372401,-45.5898285
-22.6915568,-45.5028605
-22.727916,-45.590859
-22.6894444,-45.4819444
-22.6915568,-45.5028605
-25.216905,-48.0388375
-22.6955589,-45.5141876
-22.727916,-45.590859
-22.6894444,-45.4819444
-22.691846,-45.507539
-22.6894444,-45.4819444
-22.691846,-45.507539
-22.7050142,-45.461583
-23.1401286,-44.9226315
-22.6894444,-45.4819444
-23.1401286,-44.9226315
-22.70236,-45.472562
-22.692125,-45.49117
-22.724416,-45.458365
-23.1952514,-44.9862851
-22.709887,-45.469341
-23.1952514,-44.9862851
-22.700949,-45.482747
-22.6894444,-45.4819444
-22.6894444,-45.4819444
-22.694095,-45.48946
-22.6937967,-45.5012658
-22.6955589,-45.5141876
-22.7372401,-45.5898285
-22.694095,-45.48946
-22.7372401,-45.5898285
-23.1952514,-44.9862851
-22.6955589,-45.5141876
-22.6894444,-45.4819444
-22.6937967,-45.5012658
-22.6499389,-45.4264917
-22.7031374,-45.478431
-22.690252,-45.496353
-23.1952514,-44.9862851
-22.6894444,-45.4819444
-22.71667,-45.590872
-22.6894444,-45.4819444
-22.7031374,-45.478431
-22.6894444,-45.4819444
-22.6894444,-45.4819444
-22.6915568,-45.5028605
-22.6894444,-45.4819444
-22.6894444,-45.4819444
-22.6894444,-45.4819444
-22.6894444,-45.4819444
-22.6894444,-45.4819444
-25.016071,-47.9318003
-22.6894444,-45.4819444
-22.6894444,-45.4819444
-23.1952514,-44.9862851
-22.6894444,-45.4819444
-22.6894444,-45.4819444
-22.7219869,-45.6272493
-24.903928,-47.805166
-22.7031374,-45.478431
-22.7031374,-45.478431
-22.7031374,-45.478431
-22.6894444,-45.4819444
-22.7031374,-45.478431
-22.7167421,-45.5810273
-22.6894444,-45.4819444
-22.6967989,-45.4849017
-22.6967989,-45.4849017
-22.6894444,-45.4819444
-22.6894444,-45.4819444
-22.6915568,-45.5028605
-24.9497989,-47.9788828
-24.903928,-47.805166
-22.6915568,-45.5028605
-22.69413,-45.502389
-22.7614759,-45.6206524
-23.1952514,-44.9862851
-23.1952514,-44.9862851
-24.903928,-47.805166
-22.6977678,-45.5150578
-22.6915568,-45.5028605
-24.903928,-47.805166
-22.6915568,-45.5028605
-22.696547,-45.487111
-22.693701,-45.50549
-22.6915568,-45.5028605
-22.6894444,-45.4819444
-24.903928,-47.805166
-22.6974163,-45.4888006
-22.6944417,-45.4894676
-22.6894444,-45.4819444
-22.6915568,-45.5028605
-22.6910421,-45.5039334
-22.6964555,-45.5397335
-22.696547,-45.487111
-23.4697252,-45.1692945
-24.903928,-47.805166
-23.770893,-46.518413
-24.934729,-47.954136
-24.934729,-47.954136
-22.6910421,-45.5039334
-22.6944417,-45.4894676
-22.6974163,-45.4888006
-22.693701,-45.50549
-20.22189, -41.84829
